condition,session,profile,cell,family,style,position,task,base_profile,learner_turns,termination,knowledge_gt,knowledge_pred,misconception_gt,misconception_pred,metacognition_gt,metacognition_pred,transfer_gt,transfer_pred
Proxima,CHVAR_CH01_CORE_CELL_01_style_a::S1,CHVAR_CH01_CORE_CELL_01_style_a,CELL_01,channel_variant,style_a,1,TASK_FRACTIONS_018,CORE_CELL_01_style_a,7,status_risolto,LOW,HIGH,ABSENT,ABSENT,LOW,HIGH,LOW,INSUFFICIENT_EVIDENCE
Proxima,CHVAR_CH01_CORE_CELL_01_style_a::S2,CHVAR_CH01_CORE_CELL_01_style_a,CELL_01,channel_variant,style_a,2,TASK_FRACTIONS_023,CORE_CELL_01_style_a,6,status_risolto,LOW,HIGH,ABSENT,ABSENT,LOW,HIGH,LOW,INSUFFICIENT_EVIDENCE
Proxima,CHVAR_CH01_CORE_CELL_01_style_a::S3,CHVAR_CH01_CORE_CELL_01_style_a,CELL_01,channel_variant,style_a,3,TASK_FRACTIONS_009,CORE_CELL_01_style_a,6,status_risolto,LOW,HIGH,ABSENT,ABSENT,LOW,HIGH,LOW,INSUFFICIENT_EVIDENCE
Proxima,CHVAR_CH01_CORE_CELL_01_style_a::S4,CHVAR_CH01_CORE_CELL_01_style_a,CELL_01,channel_variant,style_a,4,TASK_FRACTIONS_003,CORE_CELL_01_style_a,6,status_risolto,LOW,HIGH,ABSENT,ABSENT,LOW,HIGH,LOW,INSUFFICIENT_EVIDENCE
Proxima,CHVAR_CH01_CORE_CELL_01_style_a::S5,CHVAR_CH01_CORE_CELL_01_style_a,CELL_01,channel_variant,style_a,5,TASK_FRACTIONS_015,CORE_CELL_01_style_a,6,status_risolto,LOW,LOW,ABSENT,ABSENT,LOW,HIGH,LOW,INSUFFICIENT_EVIDENCE
Proxima,CHVAR_CH02_CORE_CELL_13_style_b::S1,CHVAR_CH02_CORE_CELL_13_style_b,CELL_13,channel_variant,style_b,1,TASK_FRACTIONS_009,CORE_CELL_13_style_b,6,status_risolto,HIGH,HIGH,PRESENT,PRESENT,LOW,LOW,LOW,HIGH
Proxima,CHVAR_CH02_CORE_CELL_13_style_b::S2,CHVAR_CH02_CORE_CELL_13_style_b,CELL_13,channel_variant,style_b,2,TASK_FRACTIONS_014,CORE_CELL_13_style_b,6,status_risolto,HIGH,LOW,PRESENT,PRESENT,LOW,HIGH,LOW,INSUFFICIENT_EVIDENCE
Proxima,CHVAR_CH02_CORE_CELL_13_style_b::S3,CHVAR_CH02_CORE_CELL_13_style_b,CELL_13,channel_variant,style_b,3,TASK_FRACTIONS_030,CORE_CELL_13_style_b,4,status_risolto,HIGH,HIGH,PRESENT,ABSENT,LOW,HIGH,LOW,INSUFFICIENT_EVIDENCE
Proxima,CHVAR_CH02_CORE_CELL_13_style_b::S4,CHVAR_CH02_CORE_CELL_13_style_b,CELL_13,channel_variant,style_b,4,TASK_FRACTIONS_027,CORE_CELL_13_style_b,2,status_risolto,HIGH,HIGH,PRESENT,ABSENT,LOW,HIGH,LOW,INSUFFICIENT_EVIDENCE
Proxima,CHVAR_CH02_CORE_CELL_13_style_b::S5,CHVAR_CH02_CORE_CELL_13_style_b,CELL_13,channel_variant,style_b,5,TASK_FRACTIONS_023,CORE_CELL_13_style_b,5,status_risolto,HIGH,HIGH,PRESENT,ABSENT,LOW,HIGH,LOW,INSUFFICIENT_EVIDENCE
Proxima,CHVAR_CH03_CORE_CELL_11_style_a::S1,CHVAR_CH03_CORE_CELL_11_style_a,CELL_11,channel_variant,style_a,1,TASK_FRACTIONS_019,CORE_CELL_11_style_a,3,status_risolto,HIGH,HIGH,ABSENT,ABSENT,HIGH,HIGH,LOW,INSUFFICIENT_EVIDENCE
Proxima,CHVAR_CH03_CORE_CELL_11_style_a::S2,CHVAR_CH03_CORE_CELL_11_style_a,CELL_11,channel_variant,style_a,2,TASK_FRACTIONS_020,CORE_CELL_11_style_a,5,status_risolto,HIGH,HIGH,ABSENT,ABSENT,HIGH,HIGH,LOW,HIGH
Proxima,CHVAR_CH03_CORE_CELL_11_style_a::S3,CHVAR_CH03_CORE_CELL_11_style_a,CELL_11,channel_variant,style_a,3,TASK_FRACTIONS_022,CORE_CELL_11_style_a,5,status_risolto,HIGH,HIGH,ABSENT,ABSENT,HIGH,HIGH,LOW,HIGH
Proxima,CHVAR_CH03_CORE_CELL_11_style_a::S4,CHVAR_CH03_CORE_CELL_11_style_a,CELL_11,channel_variant,style_a,4,TASK_FRACTIONS_028,CORE_CELL_11_style_a,2,status_risolto,HIGH,HIGH,ABSENT,ABSENT,HIGH,HIGH,LOW,INSUFFICIENT_EVIDENCE
Proxima,CHVAR_CH03_CORE_CELL_11_style_a::S5,CHVAR_CH03_CORE_CELL_11_style_a,CELL_11,channel_variant,style_a,5,TASK_FRACTIONS_001,CORE_CELL_11_style_a,5,status_risolto,HIGH,HIGH,ABSENT,ABSENT,HIGH,HIGH,LOW,INSUFFICIENT_EVIDENCE
Proxima,CHVAR_CH04_CORE_CELL_10_style_b::S1,CHVAR_CH04_CORE_CELL_10_style_b,CELL_10,channel_variant,style_b,1,TASK_FRACTIONS_020,CORE_CELL_10_style_b,5,status_risolto,HIGH,HIGH,ABSENT,ABSENT,LOW,INSUFFICIENT_EVIDENCE,HIGH,INSUFFICIENT_EVIDENCE
Proxima,CHVAR_CH04_CORE_CELL_10_style_b::S2,CHVAR_CH04_CORE_CELL_10_style_b,CELL_10,channel_variant,style_b,2,TASK_FRACTIONS_013,CORE_CELL_10_style_b,5,status_risolto,HIGH,HIGH,ABSENT,PRESENT,LOW,HIGH,HIGH,INSUFFICIENT_EVIDENCE
Proxima,CHVAR_CH04_CORE_CELL_10_style_b::S3,CHVAR_CH04_CORE_CELL_10_style_b,CELL_10,channel_variant,style_b,3,TASK_FRACTIONS_010,CORE_CELL_10_style_b,2,status_risolto,HIGH,HIGH,ABSENT,ABSENT,LOW,INSUFFICIENT_EVIDENCE,HIGH,INSUFFICIENT_EVIDENCE
Proxima,CHVAR_CH04_CORE_CELL_10_style_b::S4,CHVAR_CH04_CORE_CELL_10_style_b,CELL_10,channel_variant,style_b,4,TASK_FRACTIONS_019,CORE_CELL_10_style_b,4,status_risolto,HIGH,HIGH,ABSENT,ABSENT,LOW,HIGH,HIGH,INSUFFICIENT_EVIDENCE
Proxima,CHVAR_CH04_CORE_CELL_10_style_b::S5,CHVAR_CH04_CORE_CELL_10_style_b,CELL_10,channel_variant,style_b,5,TASK_FRACTIONS_006,CORE_CELL_10_style_b,3,status_risolto,HIGH,HIGH,ABSENT,ABSENT,LOW,HIGH,HIGH,INSUFFICIENT_EVIDENCE
Proxima,CHVAR_CH05_CORE_CELL_07_style_a::S1,CHVAR_CH05_CORE_CELL_07_style_a,CELL_07,channel_variant,style_a,1,TASK_FRACTIONS_030,CORE_CELL_07_style_a,10,status_risolto,LOW,HIGH,PRESENT,ABSENT,HIGH,HIGH,LOW,INSUFFICIENT_EVIDENCE
Proxima,CHVAR_CH05_CORE_CELL_07_style_a::S2,CHVAR_CH05_CORE_CELL_07_style_a,CELL_07,channel_variant,style_a,2,TASK_FRACTIONS_006,CORE_CELL_07_style_a,4,status_risolto,LOW,HIGH,PRESENT,ABSENT,HIGH,HIGH,LOW,INSUFFICIENT_EVIDENCE
Proxima,CHVAR_CH05_CORE_CELL_07_style_a::S3,CHVAR_CH05_CORE_CELL_07_style_a,CELL_07,channel_variant,style_a,3,TASK_FRACTIONS_014,CORE_CELL_07_style_a,7,status_risolto,LOW,LOW,PRESENT,PRESENT,HIGH,HIGH,LOW,INSUFFICIENT_EVIDENCE
Proxima,CHVAR_CH05_CORE_CELL_07_style_a::S4,CHVAR_CH05_CORE_CELL_07_style_a,CELL_07,channel_variant,style_a,4,TASK_FRACTIONS_013,CORE_CELL_07_style_a,7,status_risolto,LOW,LOW,PRESENT,ABSENT,HIGH,HIGH,LOW,INSUFFICIENT_EVIDENCE
Proxima,CHVAR_CH05_CORE_CELL_07_style_a::S5,CHVAR_CH05_CORE_CELL_07_style_a,CELL_07,channel_variant,style_a,5,TASK_FRACTIONS_027,CORE_CELL_07_style_a,5,status_risolto,LOW,HIGH,PRESENT,ABSENT,HIGH,HIGH,LOW,INSUFFICIENT_EVIDENCE
Proxima,CHVAR_CH06_CORE_CELL_06_style_b::S1,CHVAR_CH06_CORE_CELL_06_style_b,CELL_06,channel_variant,style_b,1,TASK_FRACTIONS_015,CORE_CELL_06_style_b,8,status_risolto,LOW,LOW,PRESENT,ABSENT,LOW,HIGH,HIGH,HIGH
Proxima,CHVAR_CH06_CORE_CELL_06_style_b::S2,CHVAR_CH06_CORE_CELL_06_style_b,CELL_06,channel_variant,style_b,2,TASK_FRACTIONS_019,CORE_CELL_06_style_b,6,status_risolto,LOW,HIGH,PRESENT,PRESENT,LOW,HIGH,HIGH,INSUFFICIENT_EVIDENCE
Proxima,CHVAR_CH06_CORE_CELL_06_style_b::S3,CHVAR_CH06_CORE_CELL_06_style_b,CELL_06,channel_variant,style_b,3,TASK_FRACTIONS_005,CORE_CELL_06_style_b,4,status_risolto,LOW,LOW,PRESENT,ABSENT,LOW,LOW,HIGH,INSUFFICIENT_EVIDENCE
Proxima,CHVAR_CH06_CORE_CELL_06_style_b::S4,CHVAR_CH06_CORE_CELL_06_style_b,CELL_06,channel_variant,style_b,4,TASK_FRACTIONS_026,CORE_CELL_06_style_b,5,status_risolto,LOW,LOW,PRESENT,ABSENT,LOW,LOW,HIGH,INSUFFICIENT_EVIDENCE
Proxima,CHVAR_CH06_CORE_CELL_06_style_b::S5,CHVAR_CH06_CORE_CELL_06_style_b,CELL_06,channel_variant,style_b,5,TASK_FRACTIONS_020,CORE_CELL_06_style_b,6,status_risolto,LOW,HIGH,PRESENT,INSUFFICIENT_EVIDENCE,LOW,HIGH,HIGH,INSUFFICIENT_EVIDENCE
Proxima,CHVAR_CH07_CORE_CELL_04_style_a::S1,CHVAR_CH07_CORE_CELL_04_style_a,CELL_04,channel_variant,style_a,1,TASK_FRACTIONS_028,CORE_CELL_04_style_a,4,status_risolto,LOW,HIGH,ABSENT,ABSENT,HIGH,HIGH,HIGH,INSUFFICIENT_EVIDENCE
Proxima,CHVAR_CH07_CORE_CELL_04_style_a::S2,CHVAR_CH07_CORE_CELL_04_style_a,CELL_04,channel_variant,style_a,2,TASK_FRACTIONS_025,CORE_CELL_04_style_a,5,status_risolto,LOW,HIGH,ABSENT,ABSENT,HIGH,HIGH,HIGH,HIGH
Proxima,CHVAR_CH07_CORE_CELL_04_style_a::S3,CHVAR_CH07_CORE_CELL_04_style_a,CELL_04,channel_variant,style_a,3,TASK_FRACTIONS_004,CORE_CELL_04_style_a,11,status_risolto,LOW,HIGH,ABSENT,ABSENT,HIGH,HIGH,HIGH,INSUFFICIENT_EVIDENCE
Proxima,CHVAR_CH07_CORE_CELL_04_style_a::S4,CHVAR_CH07_CORE_CELL_04_style_a,CELL_04,channel_variant,style_a,4,TASK_FRACTIONS_001,CORE_CELL_04_style_a,6,status_risolto,LOW,HIGH,ABSENT,ABSENT,HIGH,HIGH,HIGH,INSUFFICIENT_EVIDENCE
Proxima,CHVAR_CH07_CORE_CELL_04_style_a::S5,CHVAR_CH07_CORE_CELL_04_style_a,CELL_04,channel_variant,style_a,5,TASK_FRACTIONS_015,CORE_CELL_04_style_a,5,status_risolto,LOW,HIGH,ABSENT,ABSENT,HIGH,HIGH,HIGH,INSUFFICIENT_EVIDENCE
Proxima,CHVAR_CH08_CORE_CELL_16_style_b::S1,CHVAR_CH08_CORE_CELL_16_style_b,CELL_16,channel_variant,style_b,1,TASK_FRACTIONS_011,CORE_CELL_16_style_b,5,status_risolto,HIGH,HIGH,PRESENT,ABSENT,HIGH,HIGH,HIGH,INSUFFICIENT_EVIDENCE
Proxima,CHVAR_CH08_CORE_CELL_16_style_b::S2,CHVAR_CH08_CORE_CELL_16_style_b,CELL_16,channel_variant,style_b,2,TASK_FRACTIONS_001,CORE_CELL_16_style_b,3,status_risolto,HIGH,HIGH,PRESENT,ABSENT,HIGH,INSUFFICIENT_EVIDENCE,HIGH,INSUFFICIENT_EVIDENCE
Proxima,CHVAR_CH08_CORE_CELL_16_style_b::S3,CHVAR_CH08_CORE_CELL_16_style_b,CELL_16,channel_variant,style_b,3,TASK_FRACTIONS_012,CORE_CELL_16_style_b,4,status_risolto,HIGH,HIGH,PRESENT,ABSENT,HIGH,HIGH,HIGH,INSUFFICIENT_EVIDENCE
Proxima,CHVAR_CH08_CORE_CELL_16_style_b::S4,CHVAR_CH08_CORE_CELL_16_style_b,CELL_16,channel_variant,style_b,4,TASK_FRACTIONS_021,CORE_CELL_16_style_b,12,max_learner_turns_reached,HIGH,HIGH,PRESENT,ABSENT,HIGH,HIGH,HIGH,HIGH
Proxima,CHVAR_CH08_CORE_CELL_16_style_b::S5,CHVAR_CH08_CORE_CELL_16_style_b,CELL_16,channel_variant,style_b,5,TASK_FRACTIONS_005,CORE_CELL_16_style_b,3,status_risolto,HIGH,HIGH,PRESENT,ABSENT,HIGH,INSUFFICIENT_EVIDENCE,HIGH,INSUFFICIENT_EVIDENCE
Proxima,CORE_CELL_01_style_a::S1,CORE_CELL_01_style_a,CELL_01,core,style_a,1,TASK_FRACTIONS_018,,9,status_risolto,LOW,HIGH,ABSENT,ABSENT,LOW,HIGH,LOW,HIGH
Proxima,CORE_CELL_01_style_a::S2,CORE_CELL_01_style_a,CELL_01,core,style_a,2,TASK_FRACTIONS_023,,5,status_risolto,LOW,HIGH,ABSENT,ABSENT,LOW,HIGH,LOW,INSUFFICIENT_EVIDENCE
Proxima,CORE_CELL_01_style_a::S3,CORE_CELL_01_style_a,CELL_01,core,style_a,3,TASK_FRACTIONS_009,,8,status_risolto,LOW,HIGH,ABSENT,ABSENT,LOW,HIGH,LOW,INSUFFICIENT_EVIDENCE
Proxima,CORE_CELL_01_style_a::S4,CORE_CELL_01_style_a,CELL_01,core,style_a,4,TASK_FRACTIONS_003,,7,status_risolto,LOW,HIGH,ABSENT,ABSENT,LOW,HIGH,LOW,INSUFFICIENT_EVIDENCE
Proxima,CORE_CELL_01_style_a::S5,CORE_CELL_01_style_a,CELL_01,core,style_a,5,TASK_FRACTIONS_015,,8,status_risolto,LOW,HIGH,ABSENT,ABSENT,LOW,HIGH,LOW,HIGH
Proxima,CORE_CELL_01_style_b::S1,CORE_CELL_01_style_b,CELL_01,core,style_b,1,TASK_FRACTIONS_002,,3,status_risolto,LOW,HIGH,ABSENT,ABSENT,LOW,HIGH,LOW,INSUFFICIENT_EVIDENCE
Proxima,CORE_CELL_01_style_b::S2,CORE_CELL_01_style_b,CELL_01,core,style_b,2,TASK_FRACTIONS_027,,3,status_risolto,LOW,HIGH,ABSENT,ABSENT,LOW,HIGH,LOW,INSUFFICIENT_EVIDENCE
Proxima,CORE_CELL_01_style_b::S3,CORE_CELL_01_style_b,CELL_01,core,style_b,3,TASK_FRACTIONS_004,,10,status_risolto,LOW,HIGH,ABSENT,ABSENT,LOW,HIGH,LOW,INSUFFICIENT_EVIDENCE
Proxima,CORE_CELL_01_style_b::S4,CORE_CELL_01_style_b,CELL_01,core,style_b,4,TASK_FRACTIONS_017,,9,status_risolto,LOW,HIGH,ABSENT,ABSENT,LOW,HIGH,LOW,INSUFFICIENT_EVIDENCE
Proxima,CORE_CELL_01_style_b::S5,CORE_CELL_01_style_b,CELL_01,core,style_b,5,TASK_FRACTIONS_008,,6,status_risolto,LOW,HIGH,ABSENT,PRESENT,LOW,HIGH,LOW,INSUFFICIENT_EVIDENCE
Proxima,CORE_CELL_02_style_a::S1,CORE_CELL_02_style_a,CELL_02,core,style_a,1,TASK_FRACTIONS_023,,5,status_risolto,LOW,HIGH,ABSENT,ABSENT,LOW,HIGH,HIGH,INSUFFICIENT_EVIDENCE
Proxima,CORE_CELL_02_style_a::S2,CORE_CELL_02_style_a,CELL_02,core,style_a,2,TASK_FRACTIONS_024,,5,status_risolto,LOW,HIGH,ABSENT,ABSENT,LOW,HIGH,HIGH,HIGH
Proxima,CORE_CELL_02_style_a::S3,CORE_CELL_02_style_a,CELL_02,core,style_a,3,TASK_FRACTIONS_015,,8,status_risolto,LOW,HIGH,ABSENT,ABSENT,LOW,HIGH,HIGH,INSUFFICIENT_EVIDENCE
Proxima,CORE_CELL_02_style_a::S4,CORE_CELL_02_style_a,CELL_02,core,style_a,4,TASK_FRACTIONS_009,,7,status_risolto,LOW,HIGH,ABSENT,ABSENT,LOW,HIGH,HIGH,INSUFFICIENT_EVIDENCE
Proxima,CORE_CELL_02_style_a::S5,CORE_CELL_02_style_a,CELL_02,core,style_a,5,TASK_FRACTIONS_003,,3,status_risolto,LOW,HIGH,ABSENT,ABSENT,LOW,HIGH,HIGH,INSUFFICIENT_EVIDENCE
Proxima,CORE_CELL_02_style_b::S1,CORE_CELL_02_style_b,CELL_02,core,style_b,1,TASK_FRACTIONS_020,,5,status_risolto,LOW,HIGH,ABSENT,ABSENT,LOW,HIGH,HIGH,HIGH
Proxima,CORE_CELL_02_style_b::S2,CORE_CELL_02_style_b,CELL_02,core,style_b,2,TASK_FRACTIONS_013,,4,status_risolto,LOW,LOW,ABSENT,ABSENT,LOW,HIGH,HIGH,INSUFFICIENT_EVIDENCE
Proxima,CORE_CELL_02_style_b::S3,CORE_CELL_02_style_b,CELL_02,core,style_b,3,TASK_FRACTIONS_010,,5,status_risolto,LOW,HIGH,ABSENT,ABSENT,LOW,HIGH,HIGH,INSUFFICIENT_EVIDENCE
Proxima,CORE_CELL_02_style_b::S4,CORE_CELL_02_style_b,CELL_02,core,style_b,4,TASK_FRACTIONS_019,,4,status_risolto,LOW,HIGH,ABSENT,ABSENT,LOW,HIGH,HIGH,HIGH
Proxima,CORE_CELL_02_style_b::S5,CORE_CELL_02_style_b,CELL_02,core,style_b,5,TASK_FRACTIONS_006,,6,status_risolto,LOW,HIGH,ABSENT,ABSENT,LOW,HIGH,HIGH,INSUFFICIENT_EVIDENCE
Proxima,CORE_CELL_03_style_a::S1,CORE_CELL_03_style_a,CELL_03,core,style_a,1,TASK_FRACTIONS_019,,5,status_risolto,LOW,HIGH,ABSENT,ABSENT,HIGH,HIGH,LOW,INSUFFICIENT_EVIDENCE
Proxima,CORE_CELL_03_style_a::S2,CORE_CELL_03_style_a,CELL_03,core,style_a,2,TASK_FRACTIONS_020,,7,status_risolto,LOW,HIGH,ABSENT,ABSENT,HIGH,HIGH,LOW,INSUFFICIENT_EVIDENCE
Proxima,CORE_CELL_03_style_a::S3,CORE_CELL_03_style_a,CELL_03,core,style_a,3,TASK_FRACTIONS_022,,7,status_risolto,LOW,HIGH,ABSENT,ABSENT,HIGH,HIGH,LOW,INSUFFICIENT_EVIDENCE
Proxima,CORE_CELL_03_style_a::S4,CORE_CELL_03_style_a,CELL_03,core,style_a,4,TASK_FRACTIONS_028,,5,status_risolto,LOW,HIGH,ABSENT,ABSENT,HIGH,HIGH,LOW,INSUFFICIENT_EVIDENCE
Proxima,CORE_CELL_03_style_a::S5,CORE_CELL_03_style_a,CELL_03,core,style_a,5,TASK_FRACTIONS_001,,4,status_risolto,LOW,HIGH,ABSENT,ABSENT,HIGH,HIGH,LOW,INSUFFICIENT_EVIDENCE
Proxima,CORE_CELL_03_style_b::S1,CORE_CELL_03_style_b,CELL_03,core,style_b,1,TASK_FRACTIONS_009,,6,status_risolto,LOW,HIGH,ABSENT,ABSENT,HIGH,HIGH,LOW,INSUFFICIENT_EVIDENCE
Proxima,CORE_CELL_03_style_b::S2,CORE_CELL_03_style_b,CELL_03,core,style_b,2,TASK_FRACTIONS_004,,8,status_risolto,LOW,HIGH,ABSENT,ABSENT,HIGH,HIGH,LOW,INSUFFICIENT_EVIDENCE
Proxima,CORE_CELL_03_style_b::S3,CORE_CELL_03_style_b,CELL_03,core,style_b,3,TASK_FRACTIONS_024,,4,status_risolto,LOW,HIGH,ABSENT,ABSENT,HIGH,HIGH,LOW,INSUFFICIENT_EVIDENCE
Proxima,CORE_CELL_03_style_b::S4,CORE_CELL_03_style_b,CELL_03,core,style_b,4,TASK_FRACTIONS_010,,5,status_risolto,LOW,HIGH,ABSENT,ABSENT,HIGH,HIGH,LOW,INSUFFICIENT_EVIDENCE
Proxima,CORE_CELL_03_style_b::S5,CORE_CELL_03_style_b,CELL_03,core,style_b,5,TASK_FRACTIONS_018,,10,status_risolto,LOW,HIGH,ABSENT,ABSENT,HIGH,HIGH,LOW,INSUFFICIENT_EVIDENCE
Proxima,CORE_CELL_04_style_a::S1,CORE_CELL_04_style_a,CELL_04,core,style_a,1,TASK_FRACTIONS_028,,6,status_risolto,LOW,HIGH,ABSENT,ABSENT,HIGH,HIGH,HIGH,HIGH
Proxima,CORE_CELL_04_style_a::S2,CORE_CELL_04_style_a,CELL_04,core,style_a,2,TASK_FRACTIONS_025,,7,status_risolto,LOW,HIGH,ABSENT,ABSENT,HIGH,HIGH,HIGH,HIGH
Proxima,CORE_CELL_04_style_a::S3,CORE_CELL_04_style_a,CELL_04,core,style_a,3,TASK_FRACTIONS_004,,6,status_risolto,LOW,HIGH,ABSENT,ABSENT,HIGH,HIGH,HIGH,INSUFFICIENT_EVIDENCE
Proxima,CORE_CELL_04_style_a::S4,CORE_CELL_04_style_a,CELL_04,core,style_a,4,TASK_FRACTIONS_001,,3,status_risolto,LOW,HIGH,ABSENT,ABSENT,HIGH,HIGH,HIGH,INSUFFICIENT_EVIDENCE
Proxima,CORE_CELL_04_style_a::S5,CORE_CELL_04_style_a,CELL_04,core,style_a,5,TASK_FRACTIONS_015,,8,status_risolto,LOW,HIGH,ABSENT,ABSENT,HIGH,HIGH,HIGH,INSUFFICIENT_EVIDENCE
Proxima,CORE_CELL_04_style_b::S1,CORE_CELL_04_style_b,CELL_04,core,style_b,1,TASK_FRACTIONS_026,,2,status_risolto,LOW,HIGH,ABSENT,ABSENT,HIGH,HIGH,HIGH,INSUFFICIENT_EVIDENCE
Proxima,CORE_CELL_04_style_b::S2,CORE_CELL_04_style_b,CELL_04,core,style_b,2,TASK_FRACTIONS_017,,6,status_risolto,LOW,HIGH,ABSENT,ABSENT,HIGH,HIGH,HIGH,HIGH
Proxima,CORE_CELL_04_style_b::S3,CORE_CELL_04_style_b,CELL_04,core,style_b,3,TASK_FRACTIONS_016,,8,status_risolto,LOW,HIGH,ABSENT,ABSENT,HIGH,HIGH,HIGH,INSUFFICIENT_EVIDENCE
Proxima,CORE_CELL_04_style_b::S4,CORE_CELL_04_style_b,CELL_04,core,style_b,4,TASK_FRACTIONS_003,,3,status_risolto,LOW,HIGH,ABSENT,ABSENT,HIGH,HIGH,HIGH,INSUFFICIENT_EVIDENCE
Proxima,CORE_CELL_04_style_b::S5,CORE_CELL_04_style_b,CELL_04,core,style_b,5,TASK_FRACTIONS_023,,5,status_risolto,LOW,HIGH,ABSENT,ABSENT,HIGH,HIGH,HIGH,INSUFFICIENT_EVIDENCE
Proxima,CORE_CELL_05_style_a::S1,CORE_CELL_05_style_a,CELL_05,core,style_a,1,TASK_FRACTIONS_022,,4,status_risolto,LOW,HIGH,PRESENT,ABSENT,LOW,HIGH,LOW,INSUFFICIENT_EVIDENCE
Proxima,CORE_CELL_05_style_a::S2,CORE_CELL_05_style_a,CELL_05,core,style_a,2,TASK_FRACTIONS_021,,12,max_learner_turns_reached,LOW,LOW,PRESENT,PRESENT,LOW,HIGH,LOW,INSUFFICIENT_EVIDENCE
Proxima,CORE_CELL_05_style_a::S3,CORE_CELL_05_style_a,CELL_05,core,style_a,3,TASK_FRACTIONS_026,,6,status_risolto,LOW,HIGH,PRESENT,ABSENT,LOW,HIGH,LOW,INSUFFICIENT_EVIDENCE
Proxima,CORE_CELL_05_style_a::S4,CORE_CELL_05_style_a,CELL_05,core,style_a,4,TASK_FRACTIONS_007,,5,status_risolto,LOW,LOW,PRESENT,PRESENT,LOW,HIGH,LOW,INSUFFICIENT_EVIDENCE
Proxima,CORE_CELL_05_style_a::S5,CORE_CELL_05_style_a,CELL_05,core,style_a,5,TASK_FRACTIONS_008,,6,status_risolto,LOW,LOW,PRESENT,PRESENT,LOW,HIGH,LOW,INSUFFICIENT_EVIDENCE
Proxima,CORE_CELL_05_style_b::S1,CORE_CELL_05_style_b,CELL_05,core,style_b,1,TASK_FRACTIONS_009,,11,status_risolto,LOW,HIGH,PRESENT,ABSENT,LOW,HIGH,LOW,INSUFFICIENT_EVIDENCE
Proxima,CORE_CELL_05_style_b::S2,CORE_CELL_05_style_b,CELL_05,core,style_b,2,TASK_FRACTIONS_014,,6,status_risolto,LOW,LOW,PRESENT,PRESENT,LOW,HIGH,LOW,INSUFFICIENT_EVIDENCE
Proxima,CORE_CELL_05_style_b::S3,CORE_CELL_05_style_b,CELL_05,core,style_b,3,TASK_FRACTIONS_030,,3,status_risolto,LOW,HIGH,PRESENT,ABSENT,LOW,HIGH,LOW,INSUFFICIENT_EVIDENCE
Proxima,CORE_CELL_05_style_b::S4,CORE_CELL_05_style_b,CELL_05,core,style_b,4,TASK_FRACTIONS_027,,4,status_risolto,LOW,HIGH,PRESENT,ABSENT,LOW,HIGH,LOW,HIGH
Proxima,CORE_CELL_05_style_b::S5,CORE_CELL_05_style_b,CELL_05,core,style_b,5,TASK_FRACTIONS_023,,10,status_risolto,LOW,LOW,PRESENT,PRESENT,LOW,HIGH,LOW,HIGH
Proxima,CORE_CELL_06_style_a::S1,CORE_CELL_06_style_a,CELL_06,core,style_a,1,TASK_FRACTIONS_004,,12,max_learner_turns_reached,LOW,HIGH,PRESENT,ABSENT,LOW,HIGH,HIGH,HIGH
Proxima,CORE_CELL_06_style_a::S2,CORE_CELL_06_style_a,CELL_06,core,style_a,2,TASK_FRACTIONS_007,,4,status_risolto,LOW,LOW,PRESENT,PRESENT,LOW,HIGH,HIGH,INSUFFICIENT_EVIDENCE
Proxima,CORE_CELL_06_style_a::S3,CORE_CELL_06_style_a,CELL_06,core,style_a,3,TASK_FRACTIONS_017,,11,status_risolto,LOW,LOW,PRESENT,ABSENT,LOW,HIGH,HIGH,INSUFFICIENT_EVIDENCE
Proxima,CORE_CELL_06_style_a::S4,CORE_CELL_06_style_a,CELL_06,core,style_a,4,TASK_FRACTIONS_023,,8,status_risolto,LOW,LOW,PRESENT,PRESENT,LOW,HIGH,HIGH,INSUFFICIENT_EVIDENCE
Proxima,CORE_CELL_06_style_a::S5,CORE_CELL_06_style_a,CELL_06,core,style_a,5,TASK_FRACTIONS_021,,3,status_risolto,LOW,HIGH,PRESENT,ABSENT,LOW,HIGH,HIGH,INSUFFICIENT_EVIDENCE
Proxima,CORE_CELL_06_style_b::S1,CORE_CELL_06_style_b,CELL_06,core,style_b,1,TASK_FRACTIONS_015,,9,status_risolto,LOW,HIGH,PRESENT,PRESENT,LOW,HIGH,HIGH,INSUFFICIENT_EVIDENCE
Proxima,CORE_CELL_06_style_b::S2,CORE_CELL_06_style_b,CELL_06,core,style_b,2,TASK_FRACTIONS_019,,4,status_risolto,LOW,HIGH,PRESENT,ABSENT,LOW,HIGH,HIGH,INSUFFICIENT_EVIDENCE
Proxima,CORE_CELL_06_style_b::S3,CORE_CELL_06_style_b,CELL_06,core,style_b,3,TASK_FRACTIONS_005,,7,status_risolto,LOW,LOW,PRESENT,PRESENT,LOW,HIGH,HIGH,INSUFFICIENT_EVIDENCE
Proxima,CORE_CELL_06_style_b::S4,CORE_CELL_06_style_b,CELL_06,core,style_b,4,TASK_FRACTIONS_026,,9,status_risolto,LOW,HIGH,PRESENT,ABSENT,LOW,HIGH,HIGH,INSUFFICIENT_EVIDENCE
Proxima,CORE_CELL_06_style_b::S5,CORE_CELL_06_style_b,CELL_06,core,style_b,5,TASK_FRACTIONS_020,,10,status_risolto,LOW,HIGH,PRESENT,ABSENT,LOW,HIGH,HIGH,INSUFFICIENT_EVIDENCE
Proxima,CORE_CELL_07_style_a::S1,CORE_CELL_07_style_a,CELL_07,core,style_a,1,TASK_FRACTIONS_030,,5,status_risolto,LOW,HIGH,PRESENT,ABSENT,HIGH,HIGH,LOW,INSUFFICIENT_EVIDENCE
Proxima,CORE_CELL_07_style_a::S2,CORE_CELL_07_style_a,CELL_07,core,style_a,2,TASK_FRACTIONS_006,,6,status_risolto,LOW,HIGH,PRESENT,ABSENT,HIGH,HIGH,LOW,INSUFFICIENT_EVIDENCE
Proxima,CORE_CELL_07_style_a::S3,CORE_CELL_07_style_a,CELL_07,core,style_a,3,TASK_FRACTIONS_014,,7,status_risolto,LOW,HIGH,PRESENT,ABSENT,HIGH,HIGH,LOW,HIGH
Proxima,CORE_CELL_07_style_a::S4,CORE_CELL_07_style_a,CELL_07,core,style_a,4,TASK_FRACTIONS_013,,7,status_risolto,LOW,HIGH,PRESENT,PRESENT,HIGH,HIGH,LOW,INSUFFICIENT_EVIDENCE
Proxima,CORE_CELL_07_style_a::S5,CORE_CELL_07_style_a,CELL_07,core,style_a,5,TASK_FRACTIONS_027,,8,status_risolto,LOW,HIGH,PRESENT,ABSENT,HIGH,HIGH,LOW,HIGH
Proxima,CORE_CELL_07_style_b::S1,CORE_CELL_07_style_b,CELL_07,core,style_b,1,TASK_FRACTIONS_003,,6,status_risolto,LOW,HIGH,PRESENT,ABSENT,HIGH,HIGH,LOW,INSUFFICIENT_EVIDENCE
Proxima,CORE_CELL_07_style_b::S2,CORE_CELL_07_style_b,CELL_07,core,style_b,2,TASK_FRACTIONS_025,,3,status_risolto,LOW,HIGH,PRESENT,ABSENT,HIGH,HIGH,LOW,INSUFFICIENT_EVIDENCE
Proxima,CORE_CELL_07_style_b::S3,CORE_CELL_07_style_b,CELL_07,core,style_b,3,TASK_FRACTIONS_007,,9,status_risolto,LOW,HIGH,PRESENT,PRESENT,HIGH,HIGH,LOW,HIGH
Proxima,CORE_CELL_07_style_b::S4,CORE_CELL_07_style_b,CELL_07,core,style_b,4,TASK_FRACTIONS_004,,12,max_learner_turns_reached,LOW,LOW,PRESENT,ABSENT,HIGH,HIGH,LOW,INSUFFICIENT_EVIDENCE
Proxima,CORE_CELL_07_style_b::S5,CORE_CELL_07_style_b,CELL_07,core,style_b,5,TASK_FRACTIONS_017,,7,status_risolto,LOW,HIGH,PRESENT,ABSENT,HIGH,HIGH,LOW,INSUFFICIENT_EVIDENCE
Proxima,CORE_CELL_08_style_a::S1,CORE_CELL_08_style_a,CELL_08,core,style_a,1,TASK_FRACTIONS_006,,4,status_risolto,LOW,HIGH,PRESENT,ABSENT,HIGH,HIGH,HIGH,INSUFFICIENT_EVIDENCE
Proxima,CORE_CELL_08_style_a::S2,CORE_CELL_08_style_a,CELL_08,core,style_a,2,TASK_FRACTIONS_008,,4,status_risolto,LOW,HIGH,PRESENT,ABSENT,HIGH,HIGH,HIGH,INSUFFICIENT_EVIDENCE
Proxima,CORE_CELL_08_style_a::S3,CORE_CELL_08_style_a,CELL_08,core,style_a,3,TASK_FRACTIONS_016,,11,status_risolto,LOW,HIGH,PRESENT,ABSENT,HIGH,HIGH,HIGH,INSUFFICIENT_EVIDENCE
Proxima,CORE_CELL_08_style_a::S4,CORE_CELL_08_style_a,CELL_08,core,style_a,4,TASK_FRACTIONS_029,,5,status_risolto,LOW,HIGH,PRESENT,ABSENT,HIGH,HIGH,HIGH,INSUFFICIENT_EVIDENCE
Proxima,CORE_CELL_08_style_a::S5,CORE_CELL_08_style_a,CELL_08,core,style_a,5,TASK_FRACTIONS_024,,5,status_risolto,LOW,HIGH,PRESENT,ABSENT,HIGH,HIGH,HIGH,INSUFFICIENT_EVIDENCE
Proxima,CORE_CELL_08_style_b::S1,CORE_CELL_08_style_b,CELL_08,core,style_b,1,TASK_FRACTIONS_011,,12,max_learner_turns_reached,LOW,HIGH,PRESENT,ABSENT,HIGH,HIGH,HIGH,INSUFFICIENT_EVIDENCE
Proxima,CORE_CELL_08_style_b::S2,CORE_CELL_08_style_b,CELL_08,core,style_b,2,TASK_FRACTIONS_001,,3,status_risolto,LOW,HIGH,PRESENT,ABSENT,HIGH,HIGH,HIGH,INSUFFICIENT_EVIDENCE
Proxima,CORE_CELL_08_style_b::S3,CORE_CELL_08_style_b,CELL_08,core,style_b,3,TASK_FRACTIONS_012,,6,status_risolto,LOW,HIGH,PRESENT,ABSENT,HIGH,HIGH,HIGH,HIGH
Proxima,CORE_CELL_08_style_b::S4,CORE_CELL_08_style_b,CELL_08,core,style_b,4,TASK_FRACTIONS_021,,3,status_risolto,LOW,HIGH,PRESENT,ABSENT,HIGH,HIGH,HIGH,INSUFFICIENT_EVIDENCE
Proxima,CORE_CELL_08_style_b::S5,CORE_CELL_08_style_b,CELL_08,core,style_b,5,TASK_FRACTIONS_005,,2,status_risolto,LOW,HIGH,PRESENT,ABSENT,HIGH,HIGH,HIGH,INSUFFICIENT_EVIDENCE
Proxima,CORE_CELL_09_style_a::S1,CORE_CELL_09_style_a,CELL_09,core,style_a,1,TASK_FRACTIONS_002,,3,status_risolto,HIGH,HIGH,ABSENT,ABSENT,LOW,INSUFFICIENT_EVIDENCE,LOW,INSUFFICIENT_EVIDENCE
Proxima,CORE_CELL_09_style_a::S2,CORE_CELL_09_style_a,CELL_09,core,style_a,2,TASK_FRACTIONS_022,,5,status_risolto,HIGH,HIGH,ABSENT,ABSENT,LOW,INSUFFICIENT_EVIDENCE,LOW,INSUFFICIENT_EVIDENCE
Proxima,CORE_CELL_09_style_a::S3,CORE_CELL_09_style_a,CELL_09,core,style_a,3,TASK_FRACTIONS_015,,6,status_risolto,HIGH,HIGH,ABSENT,ABSENT,LOW,HIGH,LOW,INSUFFICIENT_EVIDENCE
Proxima,CORE_CELL_09_style_a::S4,CORE_CELL_09_style_a,CELL_09,core,style_a,4,TASK_FRACTIONS_012,,4,status_risolto,HIGH,HIGH,ABSENT,ABSENT,LOW,HIGH,LOW,INSUFFICIENT_EVIDENCE
Proxima,CORE_CELL_09_style_a::S5,CORE_CELL_09_style_a,CELL_09,core,style_a,5,TASK_FRACTIONS_024,,4,status_risolto,HIGH,HIGH,ABSENT,ABSENT,LOW,INSUFFICIENT_EVIDENCE,LOW,HIGH
Proxima,CORE_CELL_09_style_b::S1,CORE_CELL_09_style_b,CELL_09,core,style_b,1,TASK_FRACTIONS_010,,4,status_risolto,HIGH,HIGH,ABSENT,ABSENT,LOW,HIGH,LOW,INSUFFICIENT_EVIDENCE
Proxima,CORE_CELL_09_style_b::S2,CORE_CELL_09_style_b,CELL_09,core,style_b,2,TASK_FRACTIONS_009,,6,status_risolto,HIGH,HIGH,ABSENT,ABSENT,LOW,INSUFFICIENT_EVIDENCE,LOW,INSUFFICIENT_EVIDENCE
Proxima,CORE_CELL_09_style_b::S3,CORE_CELL_09_style_b,CELL_09,core,style_b,3,TASK_FRACTIONS_022,,3,status_risolto,HIGH,HIGH,ABSENT,ABSENT,LOW,INSUFFICIENT_EVIDENCE,LOW,INSUFFICIENT_EVIDENCE
Proxima,CORE_CELL_09_style_b::S4,CORE_CELL_09_style_b,CELL_09,core,style_b,4,TASK_FRACTIONS_007,,3,status_risolto,HIGH,HIGH,ABSENT,ABSENT,LOW,INSUFFICIENT_EVIDENCE,LOW,INSUFFICIENT_EVIDENCE
Proxima,CORE_CELL_09_style_b::S5,CORE_CELL_09_style_b,CELL_09,core,style_b,5,TASK_FRACTIONS_004,,9,status_risolto,HIGH,HIGH,ABSENT,ABSENT,LOW,HIGH,LOW,INSUFFICIENT_EVIDENCE
Proxima,CORE_CELL_10_style_a::S1,CORE_CELL_10_style_a,CELL_10,core,style_a,1,TASK_FRACTIONS_016,,3,status_risolto,HIGH,HIGH,ABSENT,ABSENT,LOW,HIGH,HIGH,INSUFFICIENT_EVIDENCE
Proxima,CORE_CELL_10_style_a::S2,CORE_CELL_10_style_a,CELL_10,core,style_a,2,TASK_FRACTIONS_024,,5,status_risolto,HIGH,HIGH,ABSENT,ABSENT,LOW,INSUFFICIENT_EVIDENCE,HIGH,HIGH
Proxima,CORE_CELL_10_style_a::S3,CORE_CELL_10_style_a,CELL_10,core,style_a,3,TASK_FRACTIONS_008,,4,status_risolto,HIGH,HIGH,ABSENT,ABSENT,LOW,INSUFFICIENT_EVIDENCE,HIGH,INSUFFICIENT_EVIDENCE
Proxima,CORE_CELL_10_style_a::S4,CORE_CELL_10_style_a,CELL_10,core,style_a,4,TASK_FRACTIONS_018,,5,status_risolto,HIGH,HIGH,ABSENT,ABSENT,LOW,HIGH,HIGH,INSUFFICIENT_EVIDENCE
Proxima,CORE_CELL_10_style_a::S5,CORE_CELL_10_style_a,CELL_10,core,style_a,5,TASK_FRACTIONS_029,,2,status_risolto,HIGH,HIGH,ABSENT,ABSENT,LOW,HIGH,HIGH,INSUFFICIENT_EVIDENCE
Proxima,CORE_CELL_10_style_b::S1,CORE_CELL_10_style_b,CELL_10,core,style_b,1,TASK_FRACTIONS_020,,4,status_risolto,HIGH,HIGH,ABSENT,ABSENT,LOW,INSUFFICIENT_EVIDENCE,HIGH,INSUFFICIENT_EVIDENCE
Proxima,CORE_CELL_10_style_b::S2,CORE_CELL_10_style_b,CELL_10,core,style_b,2,TASK_FRACTIONS_013,,5,status_risolto,HIGH,HIGH,ABSENT,PRESENT,LOW,HIGH,HIGH,INSUFFICIENT_EVIDENCE
Proxima,CORE_CELL_10_style_b::S3,CORE_CELL_10_style_b,CELL_10,core,style_b,3,TASK_FRACTIONS_010,,3,status_risolto,HIGH,HIGH,ABSENT,ABSENT,LOW,LOW,HIGH,INSUFFICIENT_EVIDENCE
Proxima,CORE_CELL_10_style_b::S4,CORE_CELL_10_style_b,CELL_10,core,style_b,4,TASK_FRACTIONS_019,,4,status_risolto,HIGH,HIGH,ABSENT,ABSENT,LOW,INSUFFICIENT_EVIDENCE,HIGH,INSUFFICIENT_EVIDENCE
Proxima,CORE_CELL_10_style_b::S5,CORE_CELL_10_style_b,CELL_10,core,style_b,5,TASK_FRACTIONS_006,,4,status_risolto,HIGH,HIGH,ABSENT,ABSENT,LOW,HIGH,HIGH,INSUFFICIENT_EVIDENCE
Proxima,CORE_CELL_11_style_a::S1,CORE_CELL_11_style_a,CELL_11,core,style_a,1,TASK_FRACTIONS_019,,3,status_risolto,HIGH,HIGH,ABSENT,ABSENT,HIGH,HIGH,LOW,INSUFFICIENT_EVIDENCE
Proxima,CORE_CELL_11_style_a::S2,CORE_CELL_11_style_a,CELL_11,core,style_a,2,TASK_FRACTIONS_020,,3,status_risolto,HIGH,HIGH,ABSENT,ABSENT,HIGH,INSUFFICIENT_EVIDENCE,LOW,INSUFFICIENT_EVIDENCE
Proxima,CORE_CELL_11_style_a::S3,CORE_CELL_11_style_a,CELL_11,core,style_a,3,TASK_FRACTIONS_022,,4,status_risolto,HIGH,HIGH,ABSENT,ABSENT,HIGH,HIGH,LOW,INSUFFICIENT_EVIDENCE
Proxima,CORE_CELL_11_style_a::S4,CORE_CELL_11_style_a,CELL_11,core,style_a,4,TASK_FRACTIONS_028,,5,status_risolto,HIGH,HIGH,ABSENT,ABSENT,HIGH,HIGH,LOW,HIGH
Proxima,CORE_CELL_11_style_a::S5,CORE_CELL_11_style_a,CELL_11,core,style_a,5,TASK_FRACTIONS_001,,3,status_risolto,HIGH,HIGH,ABSENT,ABSENT,HIGH,HIGH,LOW,INSUFFICIENT_EVIDENCE
Proxima,CORE_CELL_11_style_b::S1,CORE_CELL_11_style_b,CELL_11,core,style_b,1,TASK_FRACTIONS_002,,4,status_risolto,HIGH,HIGH,ABSENT,ABSENT,HIGH,HIGH,LOW,INSUFFICIENT_EVIDENCE
Proxima,CORE_CELL_11_style_b::S2,CORE_CELL_11_style_b,CELL_11,core,style_b,2,TASK_FRACTIONS_007,,4,status_risolto,HIGH,HIGH,ABSENT,ABSENT,HIGH,HIGH,LOW,INSUFFICIENT_EVIDENCE
Proxima,CORE_CELL_11_style_b::S3,CORE_CELL_11_style_b,CELL_11,core,style_b,3,TASK_FRACTIONS_012,,3,status_risolto,HIGH,HIGH,ABSENT,ABSENT,HIGH,HIGH,LOW,INSUFFICIENT_EVIDENCE
Proxima,CORE_CELL_11_style_b::S4,CORE_CELL_11_style_b,CELL_11,core,style_b,4,TASK_FRACTIONS_005,,3,status_risolto,HIGH,HIGH,ABSENT,ABSENT,HIGH,HIGH,LOW,INSUFFICIENT_EVIDENCE
Proxima,CORE_CELL_11_style_b::S5,CORE_CELL_11_style_b,CELL_11,core,style_b,5,TASK_FRACTIONS_004,,6,status_risolto,HIGH,HIGH,ABSENT,ABSENT,HIGH,HIGH,LOW,INSUFFICIENT_EVIDENCE
Proxima,CORE_CELL_12_style_a::S1,CORE_CELL_12_style_a,CELL_12,core,style_a,1,TASK_FRACTIONS_005,,3,status_risolto,HIGH,HIGH,ABSENT,ABSENT,HIGH,INSUFFICIENT_EVIDENCE,HIGH,INSUFFICIENT_EVIDENCE
Proxima,CORE_CELL_12_style_a::S2,CORE_CELL_12_style_a,CELL_12,core,style_a,2,TASK_FRACTIONS_029,,3,status_risolto,HIGH,HIGH,ABSENT,ABSENT,HIGH,HIGH,HIGH,INSUFFICIENT_EVIDENCE
Proxima,CORE_CELL_12_style_a::S3,CORE_CELL_12_style_a,CELL_12,core,style_a,3,TASK_FRACTIONS_014,,5,status_risolto,HIGH,HIGH,ABSENT,ABSENT,HIGH,HIGH,HIGH,HIGH
Proxima,CORE_CELL_12_style_a::S4,CORE_CELL_12_style_a,CELL_12,core,style_a,4,TASK_FRACTIONS_007,,4,status_risolto,HIGH,HIGH,ABSENT,ABSENT,HIGH,HIGH,HIGH,INSUFFICIENT_EVIDENCE
Proxima,CORE_CELL_12_style_a::S5,CORE_CELL_12_style_a,CELL_12,core,style_a,5,TASK_FRACTIONS_025,,5,status_risolto,HIGH,HIGH,ABSENT,ABSENT,HIGH,HIGH,HIGH,HIGH
Proxima,CORE_CELL_12_style_b::S1,CORE_CELL_12_style_b,CELL_12,core,style_b,1,TASK_FRACTIONS_018,,4,status_risolto,HIGH,HIGH,ABSENT,ABSENT,HIGH,HIGH,HIGH,INSUFFICIENT_EVIDENCE
Proxima,CORE_CELL_12_style_b::S2,CORE_CELL_12_style_b,CELL_12,core,style_b,2,TASK_FRACTIONS_026,,7,status_risolto,HIGH,HIGH,ABSENT,ABSENT,HIGH,HIGH,HIGH,HIGH
Proxima,CORE_CELL_12_style_b::S3,CORE_CELL_12_style_b,CELL_12,core,style_b,3,TASK_FRACTIONS_029,,2,status_risolto,HIGH,HIGH,ABSENT,ABSENT,HIGH,HIGH,HIGH,INSUFFICIENT_EVIDENCE
Proxima,CORE_CELL_12_style_b::S4,CORE_CELL_12_style_b,CELL_12,core,style_b,4,TASK_FRACTIONS_002,,12,max_learner_turns_reached,HIGH,HIGH,ABSENT,ABSENT,HIGH,INSUFFICIENT_EVIDENCE,HIGH,HIGH
Proxima,CORE_CELL_12_style_b::S5,CORE_CELL_12_style_b,CELL_12,core,style_b,5,TASK_FRACTIONS_007,,9,status_risolto,HIGH,HIGH,ABSENT,ABSENT,HIGH,HIGH,HIGH,HIGH
Proxima,CORE_CELL_13_style_a::S1,CORE_CELL_13_style_a,CELL_13,core,style_a,1,TASK_FRACTIONS_017,,9,status_risolto,HIGH,HIGH,PRESENT,PRESENT,LOW,HIGH,LOW,INSUFFICIENT_EVIDENCE
Proxima,CORE_CELL_13_style_a::S2,CORE_CELL_13_style_a,CELL_13,core,style_a,2,TASK_FRACTIONS_029,,3,status_risolto,HIGH,HIGH,PRESENT,ABSENT,LOW,HIGH,LOW,INSUFFICIENT_EVIDENCE
Proxima,CORE_CELL_13_style_a::S3,CORE_CELL_13_style_a,CELL_13,core,style_a,3,TASK_FRACTIONS_013,,6,status_risolto,HIGH,HIGH,PRESENT,PRESENT,LOW,HIGH,LOW,INSUFFICIENT_EVIDENCE
Proxima,CORE_CELL_13_style_a::S4,CORE_CELL_13_style_a,CELL_13,core,style_a,4,TASK_FRACTIONS_022,,3,status_risolto,HIGH,HIGH,PRESENT,ABSENT,LOW,INSUFFICIENT_EVIDENCE,LOW,INSUFFICIENT_EVIDENCE
Proxima,CORE_CELL_13_style_a::S5,CORE_CELL_13_style_a,CELL_13,core,style_a,5,TASK_FRACTIONS_030,,3,status_risolto,HIGH,HIGH,PRESENT,ABSENT,LOW,HIGH,LOW,INSUFFICIENT_EVIDENCE
Proxima,CORE_CELL_13_style_b::S1,CORE_CELL_13_style_b,CELL_13,core,style_b,1,TASK_FRACTIONS_009,,8,status_risolto,HIGH,LOW,PRESENT,PRESENT,LOW,LOW,LOW,INSUFFICIENT_EVIDENCE
Proxima,CORE_CELL_13_style_b::S2,CORE_CELL_13_style_b,CELL_13,core,style_b,2,TASK_FRACTIONS_014,,5,status_risolto,HIGH,LOW,PRESENT,PRESENT,LOW,LOW,LOW,INSUFFICIENT_EVIDENCE
Proxima,CORE_CELL_13_style_b::S3,CORE_CELL_13_style_b,CELL_13,core,style_b,3,TASK_FRACTIONS_030,,7,status_risolto,HIGH,HIGH,PRESENT,ABSENT,LOW,INSUFFICIENT_EVIDENCE,LOW,INSUFFICIENT_EVIDENCE
Proxima,CORE_CELL_13_style_b::S4,CORE_CELL_13_style_b,CELL_13,core,style_b,4,TASK_FRACTIONS_027,,4,status_risolto,HIGH,HIGH,PRESENT,ABSENT,LOW,INSUFFICIENT_EVIDENCE,LOW,INSUFFICIENT_EVIDENCE
Proxima,CORE_CELL_13_style_b::S5,CORE_CELL_13_style_b,CELL_13,core,style_b,5,TASK_FRACTIONS_023,,4,status_risolto,HIGH,HIGH,PRESENT,ABSENT,LOW,LOW,LOW,INSUFFICIENT_EVIDENCE
Proxima,CORE_CELL_14_style_a::S1,CORE_CELL_14_style_a,CELL_14,core,style_a,1,TASK_FRACTIONS_008,,6,status_risolto,HIGH,HIGH,PRESENT,PRESENT,LOW,HIGH,HIGH,INSUFFICIENT_EVIDENCE
Proxima,CORE_CELL_14_style_a::S2,CORE_CELL_14_style_a,CELL_14,core,style_a,2,TASK_FRACTIONS_017,,10,status_risolto,HIGH,HIGH,PRESENT,PRESENT,LOW,HIGH,HIGH,INSUFFICIENT_EVIDENCE
Proxima,CORE_CELL_14_style_a::S3,CORE_CELL_14_style_a,CELL_14,core,style_a,3,TASK_FRACTIONS_018,,9,status_risolto,HIGH,LOW,PRESENT,PRESENT,LOW,HIGH,HIGH,INSUFFICIENT_EVIDENCE
Proxima,CORE_CELL_14_style_a::S4,CORE_CELL_14_style_a,CELL_14,core,style_a,4,TASK_FRACTIONS_016,,7,status_risolto,HIGH,LOW,PRESENT,PRESENT,LOW,HIGH,HIGH,HIGH
Proxima,CORE_CELL_14_style_a::S5,CORE_CELL_14_style_a,CELL_14,core,style_a,5,TASK_FRACTIONS_024,,3,status_risolto,HIGH,HIGH,PRESENT,ABSENT,LOW,INSUFFICIENT_EVIDENCE,HIGH,INSUFFICIENT_EVIDENCE
Proxima,CORE_CELL_14_style_b::S1,CORE_CELL_14_style_b,CELL_14,core,style_b,1,TASK_FRACTIONS_010,,7,status_risolto,HIGH,HIGH,PRESENT,PRESENT,LOW,LOW,HIGH,INSUFFICIENT_EVIDENCE
Proxima,CORE_CELL_14_style_b::S2,CORE_CELL_14_style_b,CELL_14,core,style_b,2,TASK_FRACTIONS_011,,6,status_risolto,HIGH,HIGH,PRESENT,PRESENT,LOW,HIGH,HIGH,HIGH
Proxima,CORE_CELL_14_style_b::S3,CORE_CELL_14_style_b,CELL_14,core,style_b,3,TASK_FRACTIONS_028,,7,status_risolto,HIGH,HIGH,PRESENT,PRESENT,LOW,HIGH,HIGH,INSUFFICIENT_EVIDENCE
Proxima,CORE_CELL_14_style_b::S4,CORE_CELL_14_style_b,CELL_14,core,style_b,4,TASK_FRACTIONS_012,,6,status_risolto,HIGH,HIGH,PRESENT,PRESENT,LOW,LOW,HIGH,INSUFFICIENT_EVIDENCE
Proxima,CORE_CELL_14_style_b::S5,CORE_CELL_14_style_b,CELL_14,core,style_b,5,TASK_FRACTIONS_021,,5,status_risolto,HIGH,HIGH,PRESENT,ABSENT,LOW,INSUFFICIENT_EVIDENCE,HIGH,HIGH
Proxima,CORE_CELL_15_style_a::S1,CORE_CELL_15_style_a,CELL_15,core,style_a,1,TASK_FRACTIONS_029,,2,status_risolto,HIGH,HIGH,PRESENT,ABSENT,HIGH,HIGH,LOW,INSUFFICIENT_EVIDENCE
Proxima,CORE_CELL_15_style_a::S2,CORE_CELL_15_style_a,CELL_15,core,style_a,2,TASK_FRACTIONS_022,,4,status_risolto,HIGH,HIGH,PRESENT,ABSENT,HIGH,INSUFFICIENT_EVIDENCE,LOW,INSUFFICIENT_EVIDENCE
Proxima,CORE_CELL_15_style_a::S3,CORE_CELL_15_style_a,CELL_15,core,style_a,3,TASK_FRACTIONS_011,,5,status_risolto,HIGH,HIGH,PRESENT,ABSENT,HIGH,HIGH,LOW,INSUFFICIENT_EVIDENCE
Proxima,CORE_CELL_15_style_a::S4,CORE_CELL_15_style_a,CELL_15,core,style_a,4,TASK_FRACTIONS_016,,6,status_risolto,HIGH,HIGH,PRESENT,ABSENT,HIGH,HIGH,LOW,INSUFFICIENT_EVIDENCE
Proxima,CORE_CELL_15_style_a::S5,CORE_CELL_15_style_a,CELL_15,core,style_a,5,TASK_FRACTIONS_025,,6,status_risolto,HIGH,HIGH,PRESENT,ABSENT,HIGH,HIGH,LOW,HIGH
Proxima,CORE_CELL_15_style_b::S1,CORE_CELL_15_style_b,CELL_15,core,style_b,1,TASK_FRACTIONS_026,,12,max_learner_turns_reached,HIGH,HIGH,PRESENT,INSUFFICIENT_EVIDENCE,HIGH,INSUFFICIENT_EVIDENCE,LOW,INSUFFICIENT_EVIDENCE
Proxima,CORE_CELL_15_style_b::S2,CORE_CELL_15_style_b,CELL_15,core,style_b,2,TASK_FRACTIONS_005,,4,status_risolto,HIGH,HIGH,PRESENT,ABSENT,HIGH,HIGH,LOW,INSUFFICIENT_EVIDENCE
Proxima,CORE_CELL_15_style_b::S3,CORE_CELL_15_style_b,CELL_15,core,style_b,3,TASK_FRACTIONS_007,,6,status_risolto,HIGH,HIGH,PRESENT,ABSENT,HIGH,HIGH,LOW,INSUFFICIENT_EVIDENCE
Proxima,CORE_CELL_15_style_b::S4,CORE_CELL_15_style_b,CELL_15,core,style_b,4,TASK_FRACTIONS_011,,9,status_risolto,HIGH,HIGH,PRESENT,ABSENT,HIGH,HIGH,LOW,HIGH
Proxima,CORE_CELL_15_style_b::S5,CORE_CELL_15_style_b,CELL_15,core,style_b,5,TASK_FRACTIONS_002,,4,status_risolto,HIGH,HIGH,PRESENT,ABSENT,HIGH,HIGH,LOW,INSUFFICIENT_EVIDENCE
Proxima,CORE_CELL_16_style_a::S1,CORE_CELL_16_style_a,CELL_16,core,style_a,1,TASK_FRACTIONS_025,,6,status_risolto,HIGH,HIGH,PRESENT,ABSENT,HIGH,HIGH,HIGH,HIGH
Proxima,CORE_CELL_16_style_a::S2,CORE_CELL_16_style_a,CELL_16,core,style_a,2,TASK_FRACTIONS_016,,5,status_risolto,HIGH,HIGH,PRESENT,ABSENT,HIGH,HIGH,HIGH,HIGH
Proxima,CORE_CELL_16_style_a::S3,CORE_CELL_16_style_a,CELL_16,core,style_a,3,TASK_FRACTIONS_003,,4,status_risolto,HIGH,HIGH,PRESENT,ABSENT,HIGH,INSUFFICIENT_EVIDENCE,HIGH,INSUFFICIENT_EVIDENCE
Proxima,CORE_CELL_16_style_a::S4,CORE_CELL_16_style_a,CELL_16,core,style_a,4,TASK_FRACTIONS_008,,6,status_risolto,HIGH,HIGH,PRESENT,ABSENT,HIGH,HIGH,HIGH,INSUFFICIENT_EVIDENCE
Proxima,CORE_CELL_16_style_a::S5,CORE_CELL_16_style_a,CELL_16,core,style_a,5,TASK_FRACTIONS_002,,2,status_risolto,HIGH,HIGH,PRESENT,ABSENT,HIGH,HIGH,HIGH,INSUFFICIENT_EVIDENCE
Proxima,CORE_CELL_16_style_b::S1,CORE_CELL_16_style_b,CELL_16,core,style_b,1,TASK_FRACTIONS_011,,8,status_risolto,HIGH,HIGH,PRESENT,PRESENT,HIGH,HIGH,HIGH,INSUFFICIENT_EVIDENCE
Proxima,CORE_CELL_16_style_b::S2,CORE_CELL_16_style_b,CELL_16,core,style_b,2,TASK_FRACTIONS_001,,3,status_risolto,HIGH,HIGH,PRESENT,ABSENT,HIGH,HIGH,HIGH,INSUFFICIENT_EVIDENCE
Proxima,CORE_CELL_16_style_b::S3,CORE_CELL_16_style_b,CELL_16,core,style_b,3,TASK_FRACTIONS_012,,5,status_risolto,HIGH,HIGH,PRESENT,ABSENT,HIGH,HIGH,HIGH,INSUFFICIENT_EVIDENCE
Proxima,CORE_CELL_16_style_b::S4,CORE_CELL_16_style_b,CELL_16,core,style_b,4,TASK_FRACTIONS_021,,5,status_risolto,HIGH,HIGH,PRESENT,ABSENT,HIGH,HIGH,HIGH,INSUFFICIENT_EVIDENCE
Proxima,CORE_CELL_16_style_b::S5,CORE_CELL_16_style_b,CELL_16,core,style_b,5,TASK_FRACTIONS_005,,3,status_risolto,HIGH,HIGH,PRESENT,ABSENT,HIGH,HIGH,HIGH,INSUFFICIENT_EVIDENCE
Proxima,NP_NP1_style_a::S1,NP_NP1_style_a,CELL_03,numerical_processing,style_a,1,TASK_FRACTIONS_030,,5,status_risolto,LOW,HIGH,ABSENT,ABSENT,HIGH,HIGH,LOW,INSUFFICIENT_EVIDENCE
Proxima,NP_NP1_style_a::S2,NP_NP1_style_a,CELL_03,numerical_processing,style_a,2,TASK_FRACTIONS_006,,5,status_risolto,LOW,HIGH,ABSENT,ABSENT,HIGH,HIGH,LOW,INSUFFICIENT_EVIDENCE
Proxima,NP_NP1_style_a::S3,NP_NP1_style_a,CELL_03,numerical_processing,style_a,3,TASK_FRACTIONS_014,,6,status_risolto,LOW,HIGH,ABSENT,ABSENT,HIGH,HIGH,LOW,HIGH
Proxima,NP_NP1_style_a::S4,NP_NP1_style_a,CELL_03,numerical_processing,style_a,4,TASK_FRACTIONS_013,,4,status_risolto,LOW,HIGH,ABSENT,ABSENT,HIGH,HIGH,LOW,INSUFFICIENT_EVIDENCE
Proxima,NP_NP1_style_a::S5,NP_NP1_style_a,CELL_03,numerical_processing,style_a,5,TASK_FRACTIONS_027,,3,status_risolto,LOW,HIGH,ABSENT,ABSENT,HIGH,HIGH,LOW,INSUFFICIENT_EVIDENCE
Proxima,NP_NP2_style_b::S1,NP_NP2_style_b,CELL_10,numerical_processing,style_b,1,TASK_FRACTIONS_010,,2,status_risolto,HIGH,HIGH,ABSENT,ABSENT,LOW,INSUFFICIENT_EVIDENCE,HIGH,INSUFFICIENT_EVIDENCE
Proxima,NP_NP2_style_b::S2,NP_NP2_style_b,CELL_10,numerical_processing,style_b,2,TASK_FRACTIONS_011,,4,status_risolto,HIGH,HIGH,ABSENT,ABSENT,LOW,HIGH,HIGH,INSUFFICIENT_EVIDENCE
Proxima,NP_NP2_style_b::S3,NP_NP2_style_b,CELL_10,numerical_processing,style_b,3,TASK_FRACTIONS_028,,4,status_risolto,HIGH,HIGH,ABSENT,ABSENT,LOW,HIGH,HIGH,INSUFFICIENT_EVIDENCE
Proxima,NP_NP2_style_b::S4,NP_NP2_style_b,CELL_10,numerical_processing,style_b,4,TASK_FRACTIONS_012,,3,status_risolto,HIGH,HIGH,ABSENT,ABSENT,LOW,INSUFFICIENT_EVIDENCE,HIGH,INSUFFICIENT_EVIDENCE
Proxima,NP_NP2_style_b::S5,NP_NP2_style_b,CELL_10,numerical_processing,style_b,5,TASK_FRACTIONS_021,,7,status_risolto,HIGH,HIGH,ABSENT,ABSENT,LOW,INSUFFICIENT_EVIDENCE,HIGH,HIGH
Proxima,NP_NP3_style_b::S1,NP_NP3_style_b,CELL_05,numerical_processing,style_b,1,TASK_FRACTIONS_003,,3,status_risolto,LOW,HIGH,PRESENT,ABSENT,LOW,HIGH,LOW,INSUFFICIENT_EVIDENCE
Proxima,NP_NP3_style_b::S2,NP_NP3_style_b,CELL_05,numerical_processing,style_b,2,TASK_FRACTIONS_002,,8,status_risolto,LOW,LOW,PRESENT,PRESENT,LOW,LOW,LOW,HIGH
Proxima,NP_NP3_style_b::S3,NP_NP3_style_b,CELL_05,numerical_processing,style_b,3,TASK_FRACTIONS_025,,3,status_risolto,LOW,HIGH,PRESENT,ABSENT,LOW,INSUFFICIENT_EVIDENCE,LOW,INSUFFICIENT_EVIDENCE
Proxima,NP_NP3_style_b::S4,NP_NP3_style_b,CELL_05,numerical_processing,style_b,4,TASK_FRACTIONS_017,,11,status_risolto,LOW,LOW,PRESENT,PRESENT,LOW,HIGH,LOW,INSUFFICIENT_EVIDENCE
Proxima,NP_NP3_style_b::S5,NP_NP3_style_b,CELL_05,numerical_processing,style_b,5,TASK_FRACTIONS_026,,4,status_risolto,LOW,LOW,PRESENT,ABSENT,LOW,LOW,LOW,INSUFFICIENT_EVIDENCE
Proxima,NP_NP4_style_a::S1,NP_NP4_style_a,CELL_16,numerical_processing,style_a,1,TASK_FRACTIONS_008,,6,status_risolto,HIGH,HIGH,PRESENT,ABSENT,HIGH,HIGH,HIGH,INSUFFICIENT_EVIDENCE
Proxima,NP_NP4_style_a::S2,NP_NP4_style_a,CELL_16,numerical_processing,style_a,2,TASK_FRACTIONS_018,,5,status_risolto,HIGH,HIGH,PRESENT,ABSENT,HIGH,HIGH,HIGH,INSUFFICIENT_EVIDENCE
Proxima,NP_NP4_style_a::S3,NP_NP4_style_a,CELL_16,numerical_processing,style_a,3,TASK_FRACTIONS_029,,3,status_risolto,HIGH,HIGH,PRESENT,ABSENT,HIGH,HIGH,HIGH,INSUFFICIENT_EVIDENCE
Proxima,NP_NP4_style_a::S4,NP_NP4_style_a,CELL_16,numerical_processing,style_a,4,TASK_FRACTIONS_024,,4,status_risolto,HIGH,HIGH,PRESENT,ABSENT,HIGH,HIGH,HIGH,HIGH
Proxima,NP_NP4_style_a::S5,NP_NP4_style_a,CELL_16,numerical_processing,style_a,5,TASK_FRACTIONS_016,,2,status_risolto,HIGH,HIGH,PRESENT,ABSENT,HIGH,HIGH,HIGH,INSUFFICIENT_EVIDENCE
Claude Vanilla,CHVAR_CH01_CORE_CELL_01_style_a::S1,CHVAR_CH01_CORE_CELL_01_style_a,CELL_01,channel_variant,style_a,1,TASK_FRACTIONS_018,CORE_CELL_01_style_a,4,status_risolto,LOW,LOW,ABSENT,ABSENT,LOW,HIGH,LOW,INSUFFICIENT_EVIDENCE
Claude Vanilla,CHVAR_CH01_CORE_CELL_01_style_a::S2,CHVAR_CH01_CORE_CELL_01_style_a,CELL_01,channel_variant,style_a,2,TASK_FRACTIONS_023,CORE_CELL_01_style_a,3,status_risolto,LOW,HIGH,ABSENT,ABSENT,LOW,HIGH,LOW,INSUFFICIENT_EVIDENCE
Claude Vanilla,CHVAR_CH01_CORE_CELL_01_style_a::S3,CHVAR_CH01_CORE_CELL_01_style_a,CELL_01,channel_variant,style_a,3,TASK_FRACTIONS_009,CORE_CELL_01_style_a,5,status_risolto,LOW,LOW,ABSENT,ABSENT,LOW,HIGH,LOW,INSUFFICIENT_EVIDENCE
Claude Vanilla,CHVAR_CH01_CORE_CELL_01_style_a::S4,CHVAR_CH01_CORE_CELL_01_style_a,CELL_01,channel_variant,style_a,4,TASK_FRACTIONS_003,CORE_CELL_01_style_a,3,status_risolto,LOW,HIGH,ABSENT,ABSENT,LOW,HIGH,LOW,INSUFFICIENT_EVIDENCE
Claude Vanilla,CHVAR_CH01_CORE_CELL_01_style_a::S5,CHVAR_CH01_CORE_CELL_01_style_a,CELL_01,channel_variant,style_a,5,TASK_FRACTIONS_015,CORE_CELL_01_style_a,5,status_risolto,LOW,HIGH,ABSENT,ABSENT,LOW,HIGH,LOW,INSUFFICIENT_EVIDENCE
Claude Vanilla,CHVAR_CH02_CORE_CELL_13_style_b::S1,CHVAR_CH02_CORE_CELL_13_style_b,CELL_13,channel_variant,style_b,1,TASK_FRACTIONS_009,CORE_CELL_13_style_b,2,status_risolto,HIGH,INSUFFICIENT_EVIDENCE,PRESENT,ABSENT,LOW,HIGH,LOW,INSUFFICIENT_EVIDENCE
Claude Vanilla,CHVAR_CH02_CORE_CELL_13_style_b::S2,CHVAR_CH02_CORE_CELL_13_style_b,CELL_13,channel_variant,style_b,2,TASK_FRACTIONS_014,CORE_CELL_13_style_b,3,status_risolto,HIGH,LOW,PRESENT,PRESENT,LOW,HIGH,LOW,INSUFFICIENT_EVIDENCE
Claude Vanilla,CHVAR_CH02_CORE_CELL_13_style_b::S3,CHVAR_CH02_CORE_CELL_13_style_b,CELL_13,channel_variant,style_b,3,TASK_FRACTIONS_030,CORE_CELL_13_style_b,1,status_risolto,HIGH,HIGH,PRESENT,ABSENT,LOW,INSUFFICIENT_EVIDENCE,LOW,INSUFFICIENT_EVIDENCE
Claude Vanilla,CHVAR_CH02_CORE_CELL_13_style_b::S4,CHVAR_CH02_CORE_CELL_13_style_b,CELL_13,channel_variant,style_b,4,TASK_FRACTIONS_027,CORE_CELL_13_style_b,1,status_risolto,HIGH,HIGH,PRESENT,ABSENT,LOW,INSUFFICIENT_EVIDENCE,LOW,INSUFFICIENT_EVIDENCE
Claude Vanilla,CHVAR_CH02_CORE_CELL_13_style_b::S5,CHVAR_CH02_CORE_CELL_13_style_b,CELL_13,channel_variant,style_b,5,TASK_FRACTIONS_023,CORE_CELL_13_style_b,2,status_risolto,HIGH,HIGH,PRESENT,ABSENT,LOW,INSUFFICIENT_EVIDENCE,LOW,INSUFFICIENT_EVIDENCE
Claude Vanilla,CHVAR_CH03_CORE_CELL_11_style_a::S1,CHVAR_CH03_CORE_CELL_11_style_a,CELL_11,channel_variant,style_a,1,TASK_FRACTIONS_019,CORE_CELL_11_style_a,1,status_risolto,HIGH,HIGH,ABSENT,ABSENT,HIGH,INSUFFICIENT_EVIDENCE,LOW,INSUFFICIENT_EVIDENCE
Claude Vanilla,CHVAR_CH03_CORE_CELL_11_style_a::S2,CHVAR_CH03_CORE_CELL_11_style_a,CELL_11,channel_variant,style_a,2,TASK_FRACTIONS_020,CORE_CELL_11_style_a,1,status_risolto,HIGH,HIGH,ABSENT,ABSENT,HIGH,INSUFFICIENT_EVIDENCE,LOW,INSUFFICIENT_EVIDENCE
Claude Vanilla,CHVAR_CH03_CORE_CELL_11_style_a::S3,CHVAR_CH03_CORE_CELL_11_style_a,CELL_11,channel_variant,style_a,3,TASK_FRACTIONS_022,CORE_CELL_11_style_a,12,max_learner_turns_reached,HIGH,HIGH,ABSENT,ABSENT,HIGH,HIGH,LOW,HIGH
Claude Vanilla,CHVAR_CH03_CORE_CELL_11_style_a::S4,CHVAR_CH03_CORE_CELL_11_style_a,CELL_11,channel_variant,style_a,4,TASK_FRACTIONS_028,CORE_CELL_11_style_a,2,status_risolto,HIGH,HIGH,ABSENT,ABSENT,HIGH,HIGH,LOW,INSUFFICIENT_EVIDENCE
Claude Vanilla,CHVAR_CH03_CORE_CELL_11_style_a::S5,CHVAR_CH03_CORE_CELL_11_style_a,CELL_11,channel_variant,style_a,5,TASK_FRACTIONS_001,CORE_CELL_11_style_a,1,status_risolto,HIGH,HIGH,ABSENT,ABSENT,HIGH,INSUFFICIENT_EVIDENCE,LOW,INSUFFICIENT_EVIDENCE
Claude Vanilla,CHVAR_CH04_CORE_CELL_10_style_b::S1,CHVAR_CH04_CORE_CELL_10_style_b,CELL_10,channel_variant,style_b,1,TASK_FRACTIONS_020,CORE_CELL_10_style_b,12,max_learner_turns_reached,HIGH,HIGH,ABSENT,ABSENT,LOW,INSUFFICIENT_EVIDENCE,HIGH,HIGH
Claude Vanilla,CHVAR_CH04_CORE_CELL_10_style_b::S2,CHVAR_CH04_CORE_CELL_10_style_b,CELL_10,channel_variant,style_b,2,TASK_FRACTIONS_013,CORE_CELL_10_style_b,3,status_risolto,HIGH,LOW,ABSENT,ABSENT,LOW,INSUFFICIENT_EVIDENCE,HIGH,INSUFFICIENT_EVIDENCE
Claude Vanilla,CHVAR_CH04_CORE_CELL_10_style_b::S3,CHVAR_CH04_CORE_CELL_10_style_b,CELL_10,channel_variant,style_b,3,TASK_FRACTIONS_010,CORE_CELL_10_style_b,2,status_risolto,HIGH,HIGH,ABSENT,ABSENT,LOW,INSUFFICIENT_EVIDENCE,HIGH,INSUFFICIENT_EVIDENCE
Claude Vanilla,CHVAR_CH04_CORE_CELL_10_style_b::S4,CHVAR_CH04_CORE_CELL_10_style_b,CELL_10,channel_variant,style_b,4,TASK_FRACTIONS_019,CORE_CELL_10_style_b,3,status_risolto,HIGH,HIGH,ABSENT,ABSENT,LOW,INSUFFICIENT_EVIDENCE,HIGH,INSUFFICIENT_EVIDENCE
Claude Vanilla,CHVAR_CH04_CORE_CELL_10_style_b::S5,CHVAR_CH04_CORE_CELL_10_style_b,CELL_10,channel_variant,style_b,5,TASK_FRACTIONS_006,CORE_CELL_10_style_b,1,status_risolto,HIGH,HIGH,ABSENT,ABSENT,LOW,INSUFFICIENT_EVIDENCE,HIGH,INSUFFICIENT_EVIDENCE
Claude Vanilla,CHVAR_CH05_CORE_CELL_07_style_a::S1,CHVAR_CH05_CORE_CELL_07_style_a,CELL_07,channel_variant,style_a,1,TASK_FRACTIONS_030,CORE_CELL_07_style_a,8,status_risolto,LOW,HIGH,PRESENT,ABSENT,HIGH,HIGH,LOW,HIGH
Claude Vanilla,CHVAR_CH05_CORE_CELL_07_style_a::S2,CHVAR_CH05_CORE_CELL_07_style_a,CELL_07,channel_variant,style_a,2,TASK_FRACTIONS_006,CORE_CELL_07_style_a,2,status_risolto,LOW,HIGH,PRESENT,ABSENT,HIGH,HIGH,LOW,INSUFFICIENT_EVIDENCE
Claude Vanilla,CHVAR_CH05_CORE_CELL_07_style_a::S3,CHVAR_CH05_CORE_CELL_07_style_a,CELL_07,channel_variant,style_a,3,TASK_FRACTIONS_014,CORE_CELL_07_style_a,5,status_risolto,LOW,HIGH,PRESENT,ABSENT,HIGH,HIGH,LOW,INSUFFICIENT_EVIDENCE
Claude Vanilla,CHVAR_CH05_CORE_CELL_07_style_a::S4,CHVAR_CH05_CORE_CELL_07_style_a,CELL_07,channel_variant,style_a,4,TASK_FRACTIONS_013,CORE_CELL_07_style_a,12,max_learner_turns_reached,LOW,HIGH,PRESENT,PRESENT,HIGH,HIGH,LOW,INSUFFICIENT_EVIDENCE
Claude Vanilla,CHVAR_CH05_CORE_CELL_07_style_a::S5,CHVAR_CH05_CORE_CELL_07_style_a,CELL_07,channel_variant,style_a,5,TASK_FRACTIONS_027,CORE_CELL_07_style_a,3,status_risolto,LOW,HIGH,PRESENT,ABSENT,HIGH,HIGH,LOW,INSUFFICIENT_EVIDENCE
Claude Vanilla,CHVAR_CH06_CORE_CELL_06_style_b::S1,CHVAR_CH06_CORE_CELL_06_style_b,CELL_06,channel_variant,style_b,1,TASK_FRACTIONS_015,CORE_CELL_06_style_b,6,status_risolto,LOW,LOW,PRESENT,PRESENT,LOW,HIGH,HIGH,LOW
Claude Vanilla,CHVAR_CH06_CORE_CELL_06_style_b::S2,CHVAR_CH06_CORE_CELL_06_style_b,CELL_06,channel_variant,style_b,2,TASK_FRACTIONS_019,CORE_CELL_06_style_b,3,status_risolto,LOW,LOW,PRESENT,ABSENT,LOW,HIGH,HIGH,INSUFFICIENT_EVIDENCE
Claude Vanilla,CHVAR_CH06_CORE_CELL_06_style_b::S3,CHVAR_CH06_CORE_CELL_06_style_b,CELL_06,channel_variant,style_b,3,TASK_FRACTIONS_005,CORE_CELL_06_style_b,4,status_risolto,LOW,LOW,PRESENT,ABSENT,LOW,HIGH,HIGH,INSUFFICIENT_EVIDENCE
Claude Vanilla,CHVAR_CH06_CORE_CELL_06_style_b::S4,CHVAR_CH06_CORE_CELL_06_style_b,CELL_06,channel_variant,style_b,4,TASK_FRACTIONS_026,CORE_CELL_06_style_b,5,status_risolto,LOW,HIGH,PRESENT,INSUFFICIENT_EVIDENCE,LOW,INSUFFICIENT_EVIDENCE,HIGH,HIGH
Claude Vanilla,CHVAR_CH06_CORE_CELL_06_style_b::S5,CHVAR_CH06_CORE_CELL_06_style_b,CELL_06,channel_variant,style_b,5,TASK_FRACTIONS_020,CORE_CELL_06_style_b,3,status_risolto,LOW,HIGH,PRESENT,ABSENT,LOW,HIGH,HIGH,HIGH
Claude Vanilla,CHVAR_CH07_CORE_CELL_04_style_a::S1,CHVAR_CH07_CORE_CELL_04_style_a,CELL_04,channel_variant,style_a,1,TASK_FRACTIONS_028,CORE_CELL_04_style_a,2,status_risolto,LOW,HIGH,ABSENT,ABSENT,HIGH,HIGH,HIGH,INSUFFICIENT_EVIDENCE
Claude Vanilla,CHVAR_CH07_CORE_CELL_04_style_a::S2,CHVAR_CH07_CORE_CELL_04_style_a,CELL_04,channel_variant,style_a,2,TASK_FRACTIONS_025,CORE_CELL_04_style_a,2,status_risolto,LOW,HIGH,ABSENT,ABSENT,HIGH,HIGH,HIGH,INSUFFICIENT_EVIDENCE
Claude Vanilla,CHVAR_CH07_CORE_CELL_04_style_a::S3,CHVAR_CH07_CORE_CELL_04_style_a,CELL_04,channel_variant,style_a,3,TASK_FRACTIONS_004,CORE_CELL_04_style_a,11,status_risolto,LOW,HIGH,ABSENT,ABSENT,HIGH,HIGH,HIGH,INSUFFICIENT_EVIDENCE
Claude Vanilla,CHVAR_CH07_CORE_CELL_04_style_a::S4,CHVAR_CH07_CORE_CELL_04_style_a,CELL_04,channel_variant,style_a,4,TASK_FRACTIONS_001,CORE_CELL_04_style_a,1,status_risolto,LOW,HIGH,ABSENT,ABSENT,HIGH,HIGH,HIGH,INSUFFICIENT_EVIDENCE
Claude Vanilla,CHVAR_CH07_CORE_CELL_04_style_a::S5,CHVAR_CH07_CORE_CELL_04_style_a,CELL_04,channel_variant,style_a,5,TASK_FRACTIONS_015,CORE_CELL_04_style_a,6,status_risolto,LOW,HIGH,ABSENT,ABSENT,HIGH,HIGH,HIGH,INSUFFICIENT_EVIDENCE
Claude Vanilla,CHVAR_CH08_CORE_CELL_16_style_b::S1,CHVAR_CH08_CORE_CELL_16_style_b,CELL_16,channel_variant,style_b,1,TASK_FRACTIONS_011,CORE_CELL_16_style_b,3,status_risolto,HIGH,HIGH,PRESENT,ABSENT,HIGH,INSUFFICIENT_EVIDENCE,HIGH,INSUFFICIENT_EVIDENCE
Claude Vanilla,CHVAR_CH08_CORE_CELL_16_style_b::S2,CHVAR_CH08_CORE_CELL_16_style_b,CELL_16,channel_variant,style_b,2,TASK_FRACTIONS_001,CORE_CELL_16_style_b,1,status_risolto,HIGH,HIGH,PRESENT,ABSENT,HIGH,INSUFFICIENT_EVIDENCE,HIGH,INSUFFICIENT_EVIDENCE
Claude Vanilla,CHVAR_CH08_CORE_CELL_16_style_b::S3,CHVAR_CH08_CORE_CELL_16_style_b,CELL_16,channel_variant,style_b,3,TASK_FRACTIONS_012,CORE_CELL_16_style_b,1,status_risolto,HIGH,HIGH,PRESENT,ABSENT,HIGH,INSUFFICIENT_EVIDENCE,HIGH,INSUFFICIENT_EVIDENCE
Claude Vanilla,CHVAR_CH08_CORE_CELL_16_style_b::S4,CHVAR_CH08_CORE_CELL_16_style_b,CELL_16,channel_variant,style_b,4,TASK_FRACTIONS_021,CORE_CELL_16_style_b,4,status_risolto,HIGH,HIGH,PRESENT,ABSENT,HIGH,HIGH,HIGH,HIGH
Claude Vanilla,CHVAR_CH08_CORE_CELL_16_style_b::S5,CHVAR_CH08_CORE_CELL_16_style_b,CELL_16,channel_variant,style_b,5,TASK_FRACTIONS_005,CORE_CELL_16_style_b,1,status_risolto,HIGH,HIGH,PRESENT,ABSENT,HIGH,INSUFFICIENT_EVIDENCE,HIGH,INSUFFICIENT_EVIDENCE
Claude Vanilla,CORE_CELL_01_style_a::S1,CORE_CELL_01_style_a,CELL_01,core,style_a,1,TASK_FRACTIONS_018,,6,status_risolto,LOW,LOW,ABSENT,ABSENT,LOW,HIGH,LOW,INSUFFICIENT_EVIDENCE
Claude Vanilla,CORE_CELL_01_style_a::S2,CORE_CELL_01_style_a,CELL_01,core,style_a,2,TASK_FRACTIONS_023,,3,status_risolto,LOW,HIGH,ABSENT,ABSENT,LOW,HIGH,LOW,INSUFFICIENT_EVIDENCE
Claude Vanilla,CORE_CELL_01_style_a::S3,CORE_CELL_01_style_a,CELL_01,core,style_a,3,TASK_FRACTIONS_009,,5,status_risolto,LOW,HIGH,ABSENT,ABSENT,LOW,HIGH,LOW,INSUFFICIENT_EVIDENCE
Claude Vanilla,CORE_CELL_01_style_a::S4,CORE_CELL_01_style_a,CELL_01,core,style_a,4,TASK_FRACTIONS_003,,3,status_risolto,LOW,HIGH,ABSENT,ABSENT,LOW,HIGH,LOW,INSUFFICIENT_EVIDENCE
Claude Vanilla,CORE_CELL_01_style_a::S5,CORE_CELL_01_style_a,CELL_01,core,style_a,5,TASK_FRACTIONS_015,,5,status_risolto,LOW,HIGH,ABSENT,ABSENT,LOW,HIGH,LOW,INSUFFICIENT_EVIDENCE
Claude Vanilla,CORE_CELL_01_style_b::S1,CORE_CELL_01_style_b,CELL_01,core,style_b,1,TASK_FRACTIONS_002,,3,status_risolto,LOW,LOW,ABSENT,ABSENT,LOW,HIGH,LOW,INSUFFICIENT_EVIDENCE
Claude Vanilla,CORE_CELL_01_style_b::S2,CORE_CELL_01_style_b,CELL_01,core,style_b,2,TASK_FRACTIONS_027,,3,status_risolto,LOW,HIGH,ABSENT,ABSENT,LOW,HIGH,LOW,INSUFFICIENT_EVIDENCE
Claude Vanilla,CORE_CELL_01_style_b::S3,CORE_CELL_01_style_b,CELL_01,core,style_b,3,TASK_FRACTIONS_004,,11,status_risolto,LOW,HIGH,ABSENT,ABSENT,LOW,HIGH,LOW,INSUFFICIENT_EVIDENCE
Claude Vanilla,CORE_CELL_01_style_b::S4,CORE_CELL_01_style_b,CELL_01,core,style_b,4,TASK_FRACTIONS_017,,5,status_risolto,LOW,HIGH,ABSENT,ABSENT,LOW,INSUFFICIENT_EVIDENCE,LOW,INSUFFICIENT_EVIDENCE
Claude Vanilla,CORE_CELL_01_style_b::S5,CORE_CELL_01_style_b,CELL_01,core,style_b,5,TASK_FRACTIONS_008,,4,status_risolto,LOW,HIGH,ABSENT,ABSENT,LOW,HIGH,LOW,INSUFFICIENT_EVIDENCE
Claude Vanilla,CORE_CELL_02_style_a::S1,CORE_CELL_02_style_a,CELL_02,core,style_a,1,TASK_FRACTIONS_023,,1,status_risolto,LOW,HIGH,ABSENT,ABSENT,LOW,INSUFFICIENT_EVIDENCE,HIGH,INSUFFICIENT_EVIDENCE
Claude Vanilla,CORE_CELL_02_style_a::S2,CORE_CELL_02_style_a,CELL_02,core,style_a,2,TASK_FRACTIONS_024,,5,status_risolto,LOW,HIGH,ABSENT,ABSENT,LOW,HIGH,HIGH,INSUFFICIENT_EVIDENCE
Claude Vanilla,CORE_CELL_02_style_a::S3,CORE_CELL_02_style_a,CELL_02,core,style_a,3,TASK_FRACTIONS_015,,3,status_risolto,LOW,HIGH,ABSENT,ABSENT,LOW,HIGH,HIGH,INSUFFICIENT_EVIDENCE
Claude Vanilla,CORE_CELL_02_style_a::S4,CORE_CELL_02_style_a,CELL_02,core,style_a,4,TASK_FRACTIONS_009,,5,status_risolto,LOW,HIGH,ABSENT,ABSENT,LOW,HIGH,HIGH,INSUFFICIENT_EVIDENCE
Claude Vanilla,CORE_CELL_02_style_a::S5,CORE_CELL_02_style_a,CELL_02,core,style_a,5,TASK_FRACTIONS_003,,3,status_risolto,LOW,HIGH,ABSENT,ABSENT,LOW,HIGH,HIGH,INSUFFICIENT_EVIDENCE
Claude Vanilla,CORE_CELL_02_style_b::S1,CORE_CELL_02_style_b,CELL_02,core,style_b,1,TASK_FRACTIONS_020,,1,status_risolto,LOW,HIGH,ABSENT,INSUFFICIENT_EVIDENCE,LOW,INSUFFICIENT_EVIDENCE,HIGH,INSUFFICIENT_EVIDENCE
Claude Vanilla,CORE_CELL_02_style_b::S2,CORE_CELL_02_style_b,CELL_02,core,style_b,2,TASK_FRACTIONS_013,,4,status_risolto,LOW,HIGH,ABSENT,ABSENT,LOW,HIGH,HIGH,INSUFFICIENT_EVIDENCE
Claude Vanilla,CORE_CELL_02_style_b::S3,CORE_CELL_02_style_b,CELL_02,core,style_b,3,TASK_FRACTIONS_010,,3,status_risolto,LOW,HIGH,ABSENT,ABSENT,LOW,HIGH,HIGH,INSUFFICIENT_EVIDENCE
Claude Vanilla,CORE_CELL_02_style_b::S4,CORE_CELL_02_style_b,CELL_02,core,style_b,4,TASK_FRACTIONS_019,,3,status_risolto,LOW,HIGH,ABSENT,ABSENT,LOW,HIGH,HIGH,INSUFFICIENT_EVIDENCE
Claude Vanilla,CORE_CELL_02_style_b::S5,CORE_CELL_02_style_b,CELL_02,core,style_b,5,TASK_FRACTIONS_006,,2,status_risolto,LOW,HIGH,ABSENT,ABSENT,LOW,HIGH,HIGH,INSUFFICIENT_EVIDENCE
Claude Vanilla,CORE_CELL_03_style_a::S1,CORE_CELL_03_style_a,CELL_03,core,style_a,1,TASK_FRACTIONS_019,,2,status_risolto,LOW,HIGH,ABSENT,ABSENT,HIGH,HIGH,LOW,INSUFFICIENT_EVIDENCE
Claude Vanilla,CORE_CELL_03_style_a::S2,CORE_CELL_03_style_a,CELL_03,core,style_a,2,TASK_FRACTIONS_020,,6,status_risolto,LOW,HIGH,ABSENT,ABSENT,HIGH,HIGH,LOW,INSUFFICIENT_EVIDENCE
Claude Vanilla,CORE_CELL_03_style_a::S3,CORE_CELL_03_style_a,CELL_03,core,style_a,3,TASK_FRACTIONS_022,,7,status_risolto,LOW,HIGH,ABSENT,ABSENT,HIGH,HIGH,LOW,INSUFFICIENT_EVIDENCE
Claude Vanilla,CORE_CELL_03_style_a::S4,CORE_CELL_03_style_a,CELL_03,core,style_a,4,TASK_FRACTIONS_028,,5,status_risolto,LOW,HIGH,ABSENT,ABSENT,HIGH,HIGH,LOW,INSUFFICIENT_EVIDENCE
Claude Vanilla,CORE_CELL_03_style_a::S5,CORE_CELL_03_style_a,CELL_03,core,style_a,5,TASK_FRACTIONS_001,,2,status_risolto,LOW,HIGH,ABSENT,ABSENT,HIGH,HIGH,LOW,INSUFFICIENT_EVIDENCE
Claude Vanilla,CORE_CELL_03_style_b::S1,CORE_CELL_03_style_b,CELL_03,core,style_b,1,TASK_FRACTIONS_009,,11,status_risolto,LOW,HIGH,ABSENT,ABSENT,HIGH,HIGH,LOW,HIGH
Claude Vanilla,CORE_CELL_03_style_b::S2,CORE_CELL_03_style_b,CELL_03,core,style_b,2,TASK_FRACTIONS_004,,12,max_learner_turns_reached,LOW,HIGH,ABSENT,ABSENT,HIGH,HIGH,LOW,INSUFFICIENT_EVIDENCE
Claude Vanilla,CORE_CELL_03_style_b::S3,CORE_CELL_03_style_b,CELL_03,core,style_b,3,TASK_FRACTIONS_024,,5,status_risolto,LOW,HIGH,ABSENT,ABSENT,HIGH,HIGH,LOW,INSUFFICIENT_EVIDENCE
Claude Vanilla,CORE_CELL_03_style_b::S4,CORE_CELL_03_style_b,CELL_03,core,style_b,4,TASK_FRACTIONS_010,,5,status_risolto,LOW,HIGH,ABSENT,ABSENT,HIGH,HIGH,LOW,INSUFFICIENT_EVIDENCE
Claude Vanilla,CORE_CELL_03_style_b::S5,CORE_CELL_03_style_b,CELL_03,core,style_b,5,TASK_FRACTIONS_018,,7,status_risolto,LOW,LOW,ABSENT,ABSENT,HIGH,HIGH,LOW,INSUFFICIENT_EVIDENCE
Claude Vanilla,CORE_CELL_04_style_a::S1,CORE_CELL_04_style_a,CELL_04,core,style_a,1,TASK_FRACTIONS_028,,5,status_risolto,LOW,HIGH,ABSENT,ABSENT,HIGH,HIGH,HIGH,INSUFFICIENT_EVIDENCE
Claude Vanilla,CORE_CELL_04_style_a::S2,CORE_CELL_04_style_a,CELL_04,core,style_a,2,TASK_FRACTIONS_025,,1,status_risolto,LOW,HIGH,ABSENT,ABSENT,HIGH,INSUFFICIENT_EVIDENCE,HIGH,INSUFFICIENT_EVIDENCE
Claude Vanilla,CORE_CELL_04_style_a::S3,CORE_CELL_04_style_a,CELL_04,core,style_a,3,TASK_FRACTIONS_004,,5,status_risolto,LOW,HIGH,ABSENT,ABSENT,HIGH,HIGH,HIGH,INSUFFICIENT_EVIDENCE
Claude Vanilla,CORE_CELL_04_style_a::S4,CORE_CELL_04_style_a,CELL_04,core,style_a,4,TASK_FRACTIONS_001,,1,status_risolto,LOW,HIGH,ABSENT,ABSENT,HIGH,HIGH,HIGH,INSUFFICIENT_EVIDENCE
Claude Vanilla,CORE_CELL_04_style_a::S5,CORE_CELL_04_style_a,CELL_04,core,style_a,5,TASK_FRACTIONS_015,,5,status_risolto,LOW,HIGH,ABSENT,ABSENT,HIGH,HIGH,HIGH,INSUFFICIENT_EVIDENCE
Claude Vanilla,CORE_CELL_04_style_b::S1,CORE_CELL_04_style_b,CELL_04,core,style_b,1,TASK_FRACTIONS_026,,12,max_learner_turns_reached,LOW,HIGH,ABSENT,ABSENT,HIGH,HIGH,HIGH,HIGH
Claude Vanilla,CORE_CELL_04_style_b::S2,CORE_CELL_04_style_b,CELL_04,core,style_b,2,TASK_FRACTIONS_017,,5,status_risolto,LOW,HIGH,ABSENT,ABSENT,HIGH,HIGH,HIGH,INSUFFICIENT_EVIDENCE
Claude Vanilla,CORE_CELL_04_style_b::S3,CORE_CELL_04_style_b,CELL_04,core,style_b,3,TASK_FRACTIONS_016,,5,status_risolto,LOW,HIGH,ABSENT,ABSENT,HIGH,HIGH,HIGH,INSUFFICIENT_EVIDENCE
Claude Vanilla,CORE_CELL_04_style_b::S4,CORE_CELL_04_style_b,CELL_04,core,style_b,4,TASK_FRACTIONS_003,,1,status_risolto,LOW,HIGH,ABSENT,ABSENT,HIGH,HIGH,HIGH,INSUFFICIENT_EVIDENCE
Claude Vanilla,CORE_CELL_04_style_b::S5,CORE_CELL_04_style_b,CELL_04,core,style_b,5,TASK_FRACTIONS_023,,2,status_risolto,LOW,HIGH,ABSENT,ABSENT,HIGH,HIGH,HIGH,INSUFFICIENT_EVIDENCE
Claude Vanilla,CORE_CELL_05_style_a::S1,CORE_CELL_05_style_a,CELL_05,core,style_a,1,TASK_FRACTIONS_022,,3,status_risolto,LOW,HIGH,PRESENT,ABSENT,LOW,HIGH,LOW,INSUFFICIENT_EVIDENCE
Claude Vanilla,CORE_CELL_05_style_a::S2,CORE_CELL_05_style_a,CELL_05,core,style_a,2,TASK_FRACTIONS_021,,3,status_risolto,LOW,LOW,PRESENT,ABSENT,LOW,HIGH,LOW,INSUFFICIENT_EVIDENCE
Claude Vanilla,CORE_CELL_05_style_a::S3,CORE_CELL_05_style_a,CELL_05,core,style_a,3,TASK_FRACTIONS_026,,6,status_risolto,LOW,HIGH,PRESENT,ABSENT,LOW,HIGH,LOW,HIGH
Claude Vanilla,CORE_CELL_05_style_a::S4,CORE_CELL_05_style_a,CELL_05,core,style_a,4,TASK_FRACTIONS_007,,4,status_risolto,LOW,LOW,PRESENT,PRESENT,LOW,HIGH,LOW,INSUFFICIENT_EVIDENCE
Claude Vanilla,CORE_CELL_05_style_a::S5,CORE_CELL_05_style_a,CELL_05,core,style_a,5,TASK_FRACTIONS_008,,5,status_risolto,LOW,LOW,PRESENT,ABSENT,LOW,HIGH,LOW,INSUFFICIENT_EVIDENCE
Claude Vanilla,CORE_CELL_05_style_b::S1,CORE_CELL_05_style_b,CELL_05,core,style_b,1,TASK_FRACTIONS_009,,6,status_risolto,LOW,HIGH,PRESENT,PRESENT,LOW,HIGH,LOW,INSUFFICIENT_EVIDENCE
Claude Vanilla,CORE_CELL_05_style_b::S2,CORE_CELL_05_style_b,CELL_05,core,style_b,2,TASK_FRACTIONS_014,,5,status_risolto,LOW,LOW,PRESENT,PRESENT,LOW,HIGH,LOW,INSUFFICIENT_EVIDENCE
Claude Vanilla,CORE_CELL_05_style_b::S3,CORE_CELL_05_style_b,CELL_05,core,style_b,3,TASK_FRACTIONS_030,,2,status_risolto,LOW,HIGH,PRESENT,ABSENT,LOW,HIGH,LOW,INSUFFICIENT_EVIDENCE
Claude Vanilla,CORE_CELL_05_style_b::S4,CORE_CELL_05_style_b,CELL_05,core,style_b,4,TASK_FRACTIONS_027,,1,status_risolto,LOW,HIGH,PRESENT,ABSENT,LOW,INSUFFICIENT_EVIDENCE,LOW,INSUFFICIENT_EVIDENCE
Claude Vanilla,CORE_CELL_05_style_b::S5,CORE_CELL_05_style_b,CELL_05,core,style_b,5,TASK_FRACTIONS_023,,3,status_risolto,LOW,LOW,PRESENT,ABSENT,LOW,LOW,LOW,INSUFFICIENT_EVIDENCE
Claude Vanilla,CORE_CELL_06_style_a::S1,CORE_CELL_06_style_a,CELL_06,core,style_a,1,TASK_FRACTIONS_004,,4,status_risolto,LOW,HIGH,PRESENT,ABSENT,LOW,HIGH,HIGH,INSUFFICIENT_EVIDENCE
Claude Vanilla,CORE_CELL_06_style_a::S2,CORE_CELL_06_style_a,CELL_06,core,style_a,2,TASK_FRACTIONS_007,,3,status_risolto,LOW,HIGH,PRESENT,ABSENT,LOW,HIGH,HIGH,INSUFFICIENT_EVIDENCE
Claude Vanilla,CORE_CELL_06_style_a::S3,CORE_CELL_06_style_a,CELL_06,core,style_a,3,TASK_FRACTIONS_017,,6,status_risolto,LOW,LOW,PRESENT,ABSENT,LOW,HIGH,HIGH,INSUFFICIENT_EVIDENCE
Claude Vanilla,CORE_CELL_06_style_a::S4,CORE_CELL_06_style_a,CELL_06,core,style_a,4,TASK_FRACTIONS_023,,3,status_risolto,LOW,LOW,PRESENT,ABSENT,LOW,HIGH,HIGH,INSUFFICIENT_EVIDENCE
Claude Vanilla,CORE_CELL_06_style_a::S5,CORE_CELL_06_style_a,CELL_06,core,style_a,5,TASK_FRACTIONS_021,,1,status_risolto,LOW,HIGH,PRESENT,ABSENT,LOW,HIGH,HIGH,INSUFFICIENT_EVIDENCE
Claude Vanilla,CORE_CELL_06_style_b::S1,CORE_CELL_06_style_b,CELL_06,core,style_b,1,TASK_FRACTIONS_015,,6,status_risolto,LOW,LOW,PRESENT,PRESENT,LOW,HIGH,HIGH,INSUFFICIENT_EVIDENCE
Claude Vanilla,CORE_CELL_06_style_b::S2,CORE_CELL_06_style_b,CELL_06,core,style_b,2,TASK_FRACTIONS_019,,4,status_risolto,LOW,LOW,PRESENT,ABSENT,LOW,HIGH,HIGH,INSUFFICIENT_EVIDENCE
Claude Vanilla,CORE_CELL_06_style_b::S3,CORE_CELL_06_style_b,CELL_06,core,style_b,3,TASK_FRACTIONS_005,,4,status_risolto,LOW,HIGH,PRESENT,ABSENT,LOW,HIGH,HIGH,INSUFFICIENT_EVIDENCE
Claude Vanilla,CORE_CELL_06_style_b::S4,CORE_CELL_06_style_b,CELL_06,core,style_b,4,TASK_FRACTIONS_026,,1,status_risolto,LOW,HIGH,PRESENT,ABSENT,LOW,INSUFFICIENT_EVIDENCE,HIGH,INSUFFICIENT_EVIDENCE
Claude Vanilla,CORE_CELL_06_style_b::S5,CORE_CELL_06_style_b,CELL_06,core,style_b,5,TASK_FRACTIONS_020,,2,status_risolto,LOW,HIGH,PRESENT,INSUFFICIENT_EVIDENCE,LOW,INSUFFICIENT_EVIDENCE,HIGH,INSUFFICIENT_EVIDENCE
Claude Vanilla,CORE_CELL_07_style_a::S1,CORE_CELL_07_style_a,CELL_07,core,style_a,1,TASK_FRACTIONS_030,,5,status_risolto,LOW,HIGH,PRESENT,ABSENT,HIGH,HIGH,LOW,INSUFFICIENT_EVIDENCE
Claude Vanilla,CORE_CELL_07_style_a::S2,CORE_CELL_07_style_a,CELL_07,core,style_a,2,TASK_FRACTIONS_006,,2,status_risolto,LOW,HIGH,PRESENT,ABSENT,HIGH,HIGH,LOW,INSUFFICIENT_EVIDENCE
Claude Vanilla,CORE_CELL_07_style_a::S3,CORE_CELL_07_style_a,CELL_07,core,style_a,3,TASK_FRACTIONS_014,,12,max_learner_turns_reached,LOW,HIGH,PRESENT,ABSENT,HIGH,HIGH,LOW,HIGH
Claude Vanilla,CORE_CELL_07_style_a::S4,CORE_CELL_07_style_a,CELL_07,core,style_a,4,TASK_FRACTIONS_013,,12,max_learner_turns_reached,LOW,HIGH,PRESENT,PRESENT,HIGH,HIGH,LOW,HIGH
Claude Vanilla,CORE_CELL_07_style_a::S5,CORE_CELL_07_style_a,CELL_07,core,style_a,5,TASK_FRACTIONS_027,,5,status_risolto,LOW,HIGH,PRESENT,ABSENT,HIGH,HIGH,LOW,HIGH
Claude Vanilla,CORE_CELL_07_style_b::S1,CORE_CELL_07_style_b,CELL_07,core,style_b,1,TASK_FRACTIONS_003,,3,status_risolto,LOW,HIGH,PRESENT,ABSENT,HIGH,HIGH,LOW,INSUFFICIENT_EVIDENCE
Claude Vanilla,CORE_CELL_07_style_b::S2,CORE_CELL_07_style_b,CELL_07,core,style_b,2,TASK_FRACTIONS_025,,12,max_learner_turns_reached,LOW,HIGH,PRESENT,ABSENT,HIGH,HIGH,LOW,INSUFFICIENT_EVIDENCE
Claude Vanilla,CORE_CELL_07_style_b::S3,CORE_CELL_07_style_b,CELL_07,core,style_b,3,TASK_FRACTIONS_007,,4,status_risolto,LOW,HIGH,PRESENT,ABSENT,HIGH,HIGH,LOW,INSUFFICIENT_EVIDENCE
Claude Vanilla,CORE_CELL_07_style_b::S4,CORE_CELL_07_style_b,CELL_07,core,style_b,4,TASK_FRACTIONS_004,,12,max_learner_turns_reached,LOW,HIGH,PRESENT,ABSENT,HIGH,HIGH,LOW,INSUFFICIENT_EVIDENCE
Claude Vanilla,CORE_CELL_07_style_b::S5,CORE_CELL_07_style_b,CELL_07,core,style_b,5,TASK_FRACTIONS_017,,4,status_risolto,LOW,LOW,PRESENT,ABSENT,HIGH,HIGH,LOW,INSUFFICIENT_EVIDENCE
Claude Vanilla,CORE_CELL_08_style_a::S1,CORE_CELL_08_style_a,CELL_08,core,style_a,1,TASK_FRACTIONS_006,,3,status_risolto,LOW,HIGH,PRESENT,ABSENT,HIGH,HIGH,HIGH,INSUFFICIENT_EVIDENCE
Claude Vanilla,CORE_CELL_08_style_a::S2,CORE_CELL_08_style_a,CELL_08,core,style_a,2,TASK_FRACTIONS_008,,5,status_risolto,LOW,HIGH,PRESENT,ABSENT,HIGH,HIGH,HIGH,INSUFFICIENT_EVIDENCE
Claude Vanilla,CORE_CELL_08_style_a::S3,CORE_CELL_08_style_a,CELL_08,core,style_a,3,TASK_FRACTIONS_016,,5,status_risolto,LOW,HIGH,PRESENT,ABSENT,HIGH,HIGH,HIGH,INSUFFICIENT_EVIDENCE
Claude Vanilla,CORE_CELL_08_style_a::S4,CORE_CELL_08_style_a,CELL_08,core,style_a,4,TASK_FRACTIONS_029,,3,status_risolto,LOW,HIGH,PRESENT,ABSENT,HIGH,HIGH,HIGH,INSUFFICIENT_EVIDENCE
Claude Vanilla,CORE_CELL_08_style_a::S5,CORE_CELL_08_style_a,CELL_08,core,style_a,5,TASK_FRACTIONS_024,,12,max_learner_turns_reached,LOW,HIGH,PRESENT,PRESENT,HIGH,HIGH,HIGH,HIGH
Claude Vanilla,CORE_CELL_08_style_b::S1,CORE_CELL_08_style_b,CELL_08,core,style_b,1,TASK_FRACTIONS_011,,5,status_risolto,LOW,HIGH,PRESENT,ABSENT,HIGH,HIGH,HIGH,INSUFFICIENT_EVIDENCE
Claude Vanilla,CORE_CELL_08_style_b::S2,CORE_CELL_08_style_b,CELL_08,core,style_b,2,TASK_FRACTIONS_001,,12,max_learner_turns_reached,LOW,HIGH,PRESENT,ABSENT,HIGH,HIGH,HIGH,HIGH
Claude Vanilla,CORE_CELL_08_style_b::S3,CORE_CELL_08_style_b,CELL_08,core,style_b,3,TASK_FRACTIONS_012,,4,status_risolto,LOW,HIGH,PRESENT,ABSENT,HIGH,HIGH,HIGH,INSUFFICIENT_EVIDENCE
Claude Vanilla,CORE_CELL_08_style_b::S4,CORE_CELL_08_style_b,CELL_08,core,style_b,4,TASK_FRACTIONS_021,,7,status_risolto,LOW,HIGH,PRESENT,ABSENT,HIGH,HIGH,HIGH,HIGH
Claude Vanilla,CORE_CELL_08_style_b::S5,CORE_CELL_08_style_b,CELL_08,core,style_b,5,TASK_FRACTIONS_005,,6,status_risolto,LOW,HIGH,PRESENT,ABSENT,HIGH,HIGH,HIGH,HIGH
Claude Vanilla,CORE_CELL_09_style_a::S1,CORE_CELL_09_style_a,CELL_09,core,style_a,1,TASK_FRACTIONS_002,,1,status_risolto,HIGH,HIGH,ABSENT,ABSENT,LOW,INSUFFICIENT_EVIDENCE,LOW,INSUFFICIENT_EVIDENCE
Claude Vanilla,CORE_CELL_09_style_a::S2,CORE_CELL_09_style_a,CELL_09,core,style_a,2,TASK_FRACTIONS_022,,5,status_risolto,HIGH,HIGH,ABSENT,ABSENT,LOW,INSUFFICIENT_EVIDENCE,LOW,HIGH
Claude Vanilla,CORE_CELL_09_style_a::S3,CORE_CELL_09_style_a,CELL_09,core,style_a,3,TASK_FRACTIONS_015,,1,status_risolto,HIGH,HIGH,ABSENT,ABSENT,LOW,INSUFFICIENT_EVIDENCE,LOW,INSUFFICIENT_EVIDENCE
Claude Vanilla,CORE_CELL_09_style_a::S4,CORE_CELL_09_style_a,CELL_09,core,style_a,4,TASK_FRACTIONS_012,,1,status_risolto,HIGH,HIGH,ABSENT,ABSENT,LOW,INSUFFICIENT_EVIDENCE,LOW,INSUFFICIENT_EVIDENCE
Claude Vanilla,CORE_CELL_09_style_a::S5,CORE_CELL_09_style_a,CELL_09,core,style_a,5,TASK_FRACTIONS_024,,1,status_risolto,HIGH,HIGH,ABSENT,ABSENT,LOW,INSUFFICIENT_EVIDENCE,LOW,INSUFFICIENT_EVIDENCE
Claude Vanilla,CORE_CELL_09_style_b::S1,CORE_CELL_09_style_b,CELL_09,core,style_b,1,TASK_FRACTIONS_010,,2,status_risolto,HIGH,HIGH,ABSENT,ABSENT,LOW,INSUFFICIENT_EVIDENCE,LOW,INSUFFICIENT_EVIDENCE
Claude Vanilla,CORE_CELL_09_style_b::S2,CORE_CELL_09_style_b,CELL_09,core,style_b,2,TASK_FRACTIONS_009,,1,status_risolto,HIGH,HIGH,ABSENT,ABSENT,LOW,INSUFFICIENT_EVIDENCE,LOW,INSUFFICIENT_EVIDENCE
Claude Vanilla,CORE_CELL_09_style_b::S3,CORE_CELL_09_style_b,CELL_09,core,style_b,3,TASK_FRACTIONS_022,,1,status_risolto,HIGH,HIGH,ABSENT,ABSENT,LOW,INSUFFICIENT_EVIDENCE,LOW,INSUFFICIENT_EVIDENCE
Claude Vanilla,CORE_CELL_09_style_b::S4,CORE_CELL_09_style_b,CELL_09,core,style_b,4,TASK_FRACTIONS_007,,2,status_risolto,HIGH,LOW,ABSENT,ABSENT,LOW,INSUFFICIENT_EVIDENCE,LOW,INSUFFICIENT_EVIDENCE
Claude Vanilla,CORE_CELL_09_style_b::S5,CORE_CELL_09_style_b,CELL_09,core,style_b,5,TASK_FRACTIONS_004,,3,status_risolto,HIGH,HIGH,ABSENT,ABSENT,LOW,HIGH,LOW,INSUFFICIENT_EVIDENCE
Claude Vanilla,CORE_CELL_10_style_a::S1,CORE_CELL_10_style_a,CELL_10,core,style_a,1,TASK_FRACTIONS_016,,1,status_risolto,HIGH,HIGH,ABSENT,ABSENT,LOW,INSUFFICIENT_EVIDENCE,HIGH,INSUFFICIENT_EVIDENCE
Claude Vanilla,CORE_CELL_10_style_a::S2,CORE_CELL_10_style_a,CELL_10,core,style_a,2,TASK_FRACTIONS_024,,3,status_risolto,HIGH,HIGH,ABSENT,ABSENT,LOW,HIGH,HIGH,INSUFFICIENT_EVIDENCE
Claude Vanilla,CORE_CELL_10_style_a::S3,CORE_CELL_10_style_a,CELL_10,core,style_a,3,TASK_FRACTIONS_008,,1,status_risolto,HIGH,HIGH,ABSENT,ABSENT,LOW,INSUFFICIENT_EVIDENCE,HIGH,INSUFFICIENT_EVIDENCE
Claude Vanilla,CORE_CELL_10_style_a::S4,CORE_CELL_10_style_a,CELL_10,core,style_a,4,TASK_FRACTIONS_018,,1,status_risolto,HIGH,HIGH,ABSENT,ABSENT,LOW,INSUFFICIENT_EVIDENCE,HIGH,INSUFFICIENT_EVIDENCE
Claude Vanilla,CORE_CELL_10_style_a::S5,CORE_CELL_10_style_a,CELL_10,core,style_a,5,TASK_FRACTIONS_029,,1,status_risolto,HIGH,HIGH,ABSENT,ABSENT,LOW,INSUFFICIENT_EVIDENCE,HIGH,INSUFFICIENT_EVIDENCE
Claude Vanilla,CORE_CELL_10_style_b::S1,CORE_CELL_10_style_b,CELL_10,core,style_b,1,TASK_FRACTIONS_020,,1,status_risolto,HIGH,HIGH,ABSENT,ABSENT,LOW,INSUFFICIENT_EVIDENCE,HIGH,INSUFFICIENT_EVIDENCE
Claude Vanilla,CORE_CELL_10_style_b::S2,CORE_CELL_10_style_b,CELL_10,core,style_b,2,TASK_FRACTIONS_013,,1,status_risolto,HIGH,HIGH,ABSENT,ABSENT,LOW,INSUFFICIENT_EVIDENCE,HIGH,INSUFFICIENT_EVIDENCE
Claude Vanilla,CORE_CELL_10_style_b::S3,CORE_CELL_10_style_b,CELL_10,core,style_b,3,TASK_FRACTIONS_010,,3,status_risolto,HIGH,HIGH,ABSENT,ABSENT,LOW,INSUFFICIENT_EVIDENCE,HIGH,INSUFFICIENT_EVIDENCE
Claude Vanilla,CORE_CELL_10_style_b::S4,CORE_CELL_10_style_b,CELL_10,core,style_b,4,TASK_FRACTIONS_019,,1,status_risolto,HIGH,HIGH,ABSENT,ABSENT,LOW,INSUFFICIENT_EVIDENCE,HIGH,INSUFFICIENT_EVIDENCE
Claude Vanilla,CORE_CELL_10_style_b::S5,CORE_CELL_10_style_b,CELL_10,core,style_b,5,TASK_FRACTIONS_006,,1,status_risolto,HIGH,HIGH,ABSENT,ABSENT,LOW,INSUFFICIENT_EVIDENCE,HIGH,INSUFFICIENT_EVIDENCE
Claude Vanilla,CORE_CELL_11_style_a::S1,CORE_CELL_11_style_a,CELL_11,core,style_a,1,TASK_FRACTIONS_019,,2,status_risolto,HIGH,HIGH,ABSENT,ABSENT,HIGH,HIGH,LOW,INSUFFICIENT_EVIDENCE
Claude Vanilla,CORE_CELL_11_style_a::S2,CORE_CELL_11_style_a,CELL_11,core,style_a,2,TASK_FRACTIONS_020,,1,status_risolto,HIGH,HIGH,ABSENT,ABSENT,HIGH,INSUFFICIENT_EVIDENCE,LOW,INSUFFICIENT_EVIDENCE
Claude Vanilla,CORE_CELL_11_style_a::S3,CORE_CELL_11_style_a,CELL_11,core,style_a,3,TASK_FRACTIONS_022,,3,status_risolto,HIGH,HIGH,ABSENT,ABSENT,HIGH,INSUFFICIENT_EVIDENCE,LOW,INSUFFICIENT_EVIDENCE
Claude Vanilla,CORE_CELL_11_style_a::S4,CORE_CELL_11_style_a,CELL_11,core,style_a,4,TASK_FRACTIONS_028,,1,status_risolto,HIGH,HIGH,ABSENT,ABSENT,HIGH,INSUFFICIENT_EVIDENCE,LOW,INSUFFICIENT_EVIDENCE
Claude Vanilla,CORE_CELL_11_style_a::S5,CORE_CELL_11_style_a,CELL_11,core,style_a,5,TASK_FRACTIONS_001,,1,status_risolto,HIGH,HIGH,ABSENT,ABSENT,HIGH,INSUFFICIENT_EVIDENCE,LOW,INSUFFICIENT_EVIDENCE
Claude Vanilla,CORE_CELL_11_style_b::S1,CORE_CELL_11_style_b,CELL_11,core,style_b,1,TASK_FRACTIONS_002,,1,status_risolto,HIGH,HIGH,ABSENT,ABSENT,HIGH,INSUFFICIENT_EVIDENCE,LOW,INSUFFICIENT_EVIDENCE
Claude Vanilla,CORE_CELL_11_style_b::S2,CORE_CELL_11_style_b,CELL_11,core,style_b,2,TASK_FRACTIONS_007,,1,status_risolto,HIGH,HIGH,ABSENT,ABSENT,HIGH,INSUFFICIENT_EVIDENCE,LOW,INSUFFICIENT_EVIDENCE
Claude Vanilla,CORE_CELL_11_style_b::S3,CORE_CELL_11_style_b,CELL_11,core,style_b,3,TASK_FRACTIONS_012,,1,status_risolto,HIGH,HIGH,ABSENT,ABSENT,HIGH,INSUFFICIENT_EVIDENCE,LOW,INSUFFICIENT_EVIDENCE
Claude Vanilla,CORE_CELL_11_style_b::S4,CORE_CELL_11_style_b,CELL_11,core,style_b,4,TASK_FRACTIONS_005,,1,status_risolto,HIGH,HIGH,ABSENT,ABSENT,HIGH,INSUFFICIENT_EVIDENCE,LOW,INSUFFICIENT_EVIDENCE
Claude Vanilla,CORE_CELL_11_style_b::S5,CORE_CELL_11_style_b,CELL_11,core,style_b,5,TASK_FRACTIONS_004,,5,status_risolto,HIGH,HIGH,ABSENT,ABSENT,HIGH,HIGH,LOW,INSUFFICIENT_EVIDENCE
Claude Vanilla,CORE_CELL_12_style_a::S1,CORE_CELL_12_style_a,CELL_12,core,style_a,1,TASK_FRACTIONS_005,,1,status_risolto,HIGH,HIGH,ABSENT,ABSENT,HIGH,INSUFFICIENT_EVIDENCE,HIGH,INSUFFICIENT_EVIDENCE
Claude Vanilla,CORE_CELL_12_style_a::S2,CORE_CELL_12_style_a,CELL_12,core,style_a,2,TASK_FRACTIONS_029,,1,status_risolto,HIGH,HIGH,ABSENT,ABSENT,HIGH,LOW,HIGH,INSUFFICIENT_EVIDENCE
Claude Vanilla,CORE_CELL_12_style_a::S3,CORE_CELL_12_style_a,CELL_12,core,style_a,3,TASK_FRACTIONS_014,,1,status_risolto,HIGH,HIGH,ABSENT,ABSENT,HIGH,INSUFFICIENT_EVIDENCE,HIGH,INSUFFICIENT_EVIDENCE
Claude Vanilla,CORE_CELL_12_style_a::S4,CORE_CELL_12_style_a,CELL_12,core,style_a,4,TASK_FRACTIONS_007,,1,status_risolto,HIGH,HIGH,ABSENT,ABSENT,HIGH,INSUFFICIENT_EVIDENCE,HIGH,INSUFFICIENT_EVIDENCE
Claude Vanilla,CORE_CELL_12_style_a::S5,CORE_CELL_12_style_a,CELL_12,core,style_a,5,TASK_FRACTIONS_025,,1,status_risolto,HIGH,HIGH,ABSENT,ABSENT,HIGH,INSUFFICIENT_EVIDENCE,HIGH,INSUFFICIENT_EVIDENCE
Claude Vanilla,CORE_CELL_12_style_b::S1,CORE_CELL_12_style_b,CELL_12,core,style_b,1,TASK_FRACTIONS_018,,1,status_risolto,HIGH,HIGH,ABSENT,ABSENT,HIGH,INSUFFICIENT_EVIDENCE,HIGH,INSUFFICIENT_EVIDENCE
Claude Vanilla,CORE_CELL_12_style_b::S2,CORE_CELL_12_style_b,CELL_12,core,style_b,2,TASK_FRACTIONS_026,,1,status_risolto,HIGH,HIGH,ABSENT,ABSENT,HIGH,INSUFFICIENT_EVIDENCE,HIGH,INSUFFICIENT_EVIDENCE
Claude Vanilla,CORE_CELL_12_style_b::S3,CORE_CELL_12_style_b,CELL_12,core,style_b,3,TASK_FRACTIONS_029,,1,status_risolto,HIGH,HIGH,ABSENT,ABSENT,HIGH,INSUFFICIENT_EVIDENCE,HIGH,INSUFFICIENT_EVIDENCE
Claude Vanilla,CORE_CELL_12_style_b::S4,CORE_CELL_12_style_b,CELL_12,core,style_b,4,TASK_FRACTIONS_002,,1,status_risolto,HIGH,HIGH,ABSENT,ABSENT,HIGH,INSUFFICIENT_EVIDENCE,HIGH,INSUFFICIENT_EVIDENCE
Claude Vanilla,CORE_CELL_12_style_b::S5,CORE_CELL_12_style_b,CELL_12,core,style_b,5,TASK_FRACTIONS_007,,1,status_risolto,HIGH,HIGH,ABSENT,ABSENT,HIGH,INSUFFICIENT_EVIDENCE,HIGH,INSUFFICIENT_EVIDENCE
Claude Vanilla,CORE_CELL_13_style_a::S1,CORE_CELL_13_style_a,CELL_13,core,style_a,1,TASK_FRACTIONS_017,,3,status_risolto,HIGH,HIGH,PRESENT,PRESENT,LOW,LOW,LOW,INSUFFICIENT_EVIDENCE
Claude Vanilla,CORE_CELL_13_style_a::S2,CORE_CELL_13_style_a,CELL_13,core,style_a,2,TASK_FRACTIONS_029,,1,status_risolto,HIGH,HIGH,PRESENT,ABSENT,LOW,INSUFFICIENT_EVIDENCE,LOW,INSUFFICIENT_EVIDENCE
Claude Vanilla,CORE_CELL_13_style_a::S3,CORE_CELL_13_style_a,CELL_13,core,style_a,3,TASK_FRACTIONS_013,,7,status_risolto,HIGH,HIGH,PRESENT,ABSENT,LOW,HIGH,LOW,INSUFFICIENT_EVIDENCE
Claude Vanilla,CORE_CELL_13_style_a::S4,CORE_CELL_13_style_a,CELL_13,core,style_a,4,TASK_FRACTIONS_022,,4,status_risolto,HIGH,HIGH,PRESENT,ABSENT,LOW,HIGH,LOW,INSUFFICIENT_EVIDENCE
Claude Vanilla,CORE_CELL_13_style_a::S5,CORE_CELL_13_style_a,CELL_13,core,style_a,5,TASK_FRACTIONS_030,,1,status_risolto,HIGH,HIGH,PRESENT,ABSENT,LOW,INSUFFICIENT_EVIDENCE,LOW,INSUFFICIENT_EVIDENCE
Claude Vanilla,CORE_CELL_13_style_b::S1,CORE_CELL_13_style_b,CELL_13,core,style_b,1,TASK_FRACTIONS_009,,6,status_risolto,HIGH,HIGH,PRESENT,PRESENT,LOW,INSUFFICIENT_EVIDENCE,LOW,INSUFFICIENT_EVIDENCE
Claude Vanilla,CORE_CELL_13_style_b::S2,CORE_CELL_13_style_b,CELL_13,core,style_b,2,TASK_FRACTIONS_014,,3,status_risolto,HIGH,LOW,PRESENT,PRESENT,LOW,LOW,LOW,INSUFFICIENT_EVIDENCE
Claude Vanilla,CORE_CELL_13_style_b::S3,CORE_CELL_13_style_b,CELL_13,core,style_b,3,TASK_FRACTIONS_030,,1,status_risolto,HIGH,HIGH,PRESENT,ABSENT,LOW,INSUFFICIENT_EVIDENCE,LOW,INSUFFICIENT_EVIDENCE
Claude Vanilla,CORE_CELL_13_style_b::S4,CORE_CELL_13_style_b,CELL_13,core,style_b,4,TASK_FRACTIONS_027,,3,status_risolto,HIGH,HIGH,PRESENT,ABSENT,LOW,INSUFFICIENT_EVIDENCE,LOW,INSUFFICIENT_EVIDENCE
Claude Vanilla,CORE_CELL_13_style_b::S5,CORE_CELL_13_style_b,CELL_13,core,style_b,5,TASK_FRACTIONS_023,,1,status_risolto,HIGH,HIGH,PRESENT,ABSENT,LOW,INSUFFICIENT_EVIDENCE,LOW,INSUFFICIENT_EVIDENCE
Claude Vanilla,CORE_CELL_14_style_a::S1,CORE_CELL_14_style_a,CELL_14,core,style_a,1,TASK_FRACTIONS_008,,3,status_risolto,HIGH,HIGH,PRESENT,ABSENT,LOW,HIGH,HIGH,INSUFFICIENT_EVIDENCE
Claude Vanilla,CORE_CELL_14_style_a::S2,CORE_CELL_14_style_a,CELL_14,core,style_a,2,TASK_FRACTIONS_017,,5,status_risolto,HIGH,HIGH,PRESENT,ABSENT,LOW,LOW,HIGH,INSUFFICIENT_EVIDENCE
Claude Vanilla,CORE_CELL_14_style_a::S3,CORE_CELL_14_style_a,CELL_14,core,style_a,3,TASK_FRACTIONS_018,,6,status_risolto,HIGH,LOW,PRESENT,PRESENT,LOW,INSUFFICIENT_EVIDENCE,HIGH,INSUFFICIENT_EVIDENCE
Claude Vanilla,CORE_CELL_14_style_a::S4,CORE_CELL_14_style_a,CELL_14,core,style_a,4,TASK_FRACTIONS_016,,5,status_risolto,HIGH,HIGH,PRESENT,ABSENT,LOW,LOW,HIGH,INSUFFICIENT_EVIDENCE
Claude Vanilla,CORE_CELL_14_style_a::S5,CORE_CELL_14_style_a,CELL_14,core,style_a,5,TASK_FRACTIONS_024,,1,status_risolto,HIGH,HIGH,PRESENT,ABSENT,LOW,INSUFFICIENT_EVIDENCE,HIGH,INSUFFICIENT_EVIDENCE
Claude Vanilla,CORE_CELL_14_style_b::S1,CORE_CELL_14_style_b,CELL_14,core,style_b,1,TASK_FRACTIONS_010,,5,status_risolto,HIGH,LOW,PRESENT,PRESENT,LOW,LOW,HIGH,INSUFFICIENT_EVIDENCE
Claude Vanilla,CORE_CELL_14_style_b::S2,CORE_CELL_14_style_b,CELL_14,core,style_b,2,TASK_FRACTIONS_011,,4,status_risolto,HIGH,HIGH,PRESENT,PRESENT,LOW,LOW,HIGH,INSUFFICIENT_EVIDENCE
Claude Vanilla,CORE_CELL_14_style_b::S3,CORE_CELL_14_style_b,CELL_14,core,style_b,3,TASK_FRACTIONS_028,,1,status_risolto,HIGH,HIGH,PRESENT,ABSENT,LOW,INSUFFICIENT_EVIDENCE,HIGH,INSUFFICIENT_EVIDENCE
Claude Vanilla,CORE_CELL_14_style_b::S4,CORE_CELL_14_style_b,CELL_14,core,style_b,4,TASK_FRACTIONS_012,,3,status_risolto,HIGH,HIGH,PRESENT,PRESENT,LOW,INSUFFICIENT_EVIDENCE,HIGH,INSUFFICIENT_EVIDENCE
Claude Vanilla,CORE_CELL_14_style_b::S5,CORE_CELL_14_style_b,CELL_14,core,style_b,5,TASK_FRACTIONS_021,,1,status_risolto,HIGH,HIGH,PRESENT,ABSENT,LOW,INSUFFICIENT_EVIDENCE,HIGH,INSUFFICIENT_EVIDENCE
Claude Vanilla,CORE_CELL_15_style_a::S1,CORE_CELL_15_style_a,CELL_15,core,style_a,1,TASK_FRACTIONS_029,,1,status_risolto,HIGH,HIGH,PRESENT,ABSENT,HIGH,HIGH,LOW,INSUFFICIENT_EVIDENCE
Claude Vanilla,CORE_CELL_15_style_a::S2,CORE_CELL_15_style_a,CELL_15,core,style_a,2,TASK_FRACTIONS_022,,3,status_risolto,HIGH,HIGH,PRESENT,ABSENT,HIGH,HIGH,LOW,INSUFFICIENT_EVIDENCE
Claude Vanilla,CORE_CELL_15_style_a::S3,CORE_CELL_15_style_a,CELL_15,core,style_a,3,TASK_FRACTIONS_011,,2,status_risolto,HIGH,HIGH,PRESENT,ABSENT,HIGH,HIGH,LOW,INSUFFICIENT_EVIDENCE
Claude Vanilla,CORE_CELL_15_style_a::S4,CORE_CELL_15_style_a,CELL_15,core,style_a,4,TASK_FRACTIONS_016,,4,status_risolto,HIGH,HIGH,PRESENT,ABSENT,HIGH,HIGH,LOW,INSUFFICIENT_EVIDENCE
Claude Vanilla,CORE_CELL_15_style_a::S5,CORE_CELL_15_style_a,CELL_15,core,style_a,5,TASK_FRACTIONS_025,,1,status_risolto,HIGH,HIGH,PRESENT,INSUFFICIENT_EVIDENCE,HIGH,INSUFFICIENT_EVIDENCE,LOW,INSUFFICIENT_EVIDENCE
Claude Vanilla,CORE_CELL_15_style_b::S1,CORE_CELL_15_style_b,CELL_15,core,style_b,1,TASK_FRACTIONS_026,,1,status_risolto,HIGH,HIGH,PRESENT,ABSENT,HIGH,INSUFFICIENT_EVIDENCE,LOW,INSUFFICIENT_EVIDENCE
Claude Vanilla,CORE_CELL_15_style_b::S2,CORE_CELL_15_style_b,CELL_15,core,style_b,2,TASK_FRACTIONS_005,,1,status_risolto,HIGH,HIGH,PRESENT,ABSENT,HIGH,INSUFFICIENT_EVIDENCE,LOW,INSUFFICIENT_EVIDENCE
Claude Vanilla,CORE_CELL_15_style_b::S3,CORE_CELL_15_style_b,CELL_15,core,style_b,3,TASK_FRACTIONS_007,,2,status_risolto,HIGH,HIGH,PRESENT,ABSENT,HIGH,INSUFFICIENT_EVIDENCE,LOW,INSUFFICIENT_EVIDENCE
Claude Vanilla,CORE_CELL_15_style_b::S4,CORE_CELL_15_style_b,CELL_15,core,style_b,4,TASK_FRACTIONS_011,,4,status_risolto,HIGH,HIGH,PRESENT,PRESENT,HIGH,HIGH,LOW,INSUFFICIENT_EVIDENCE
Claude Vanilla,CORE_CELL_15_style_b::S5,CORE_CELL_15_style_b,CELL_15,core,style_b,5,TASK_FRACTIONS_002,,1,status_risolto,HIGH,HIGH,PRESENT,ABSENT,HIGH,INSUFFICIENT_EVIDENCE,LOW,INSUFFICIENT_EVIDENCE
Claude Vanilla,CORE_CELL_16_style_a::S1,CORE_CELL_16_style_a,CELL_16,core,style_a,1,TASK_FRACTIONS_025,,10,status_risolto,HIGH,HIGH,PRESENT,ABSENT,HIGH,HIGH,HIGH,HIGH
Claude Vanilla,CORE_CELL_16_style_a::S2,CORE_CELL_16_style_a,CELL_16,core,style_a,2,TASK_FRACTIONS_016,,3,status_risolto,HIGH,HIGH,PRESENT,ABSENT,HIGH,HIGH,HIGH,INSUFFICIENT_EVIDENCE
Claude Vanilla,CORE_CELL_16_style_a::S3,CORE_CELL_16_style_a,CELL_16,core,style_a,3,TASK_FRACTIONS_003,,1,status_risolto,HIGH,HIGH,PRESENT,ABSENT,HIGH,INSUFFICIENT_EVIDENCE,HIGH,INSUFFICIENT_EVIDENCE
Claude Vanilla,CORE_CELL_16_style_a::S4,CORE_CELL_16_style_a,CELL_16,core,style_a,4,TASK_FRACTIONS_008,,2,status_risolto,HIGH,HIGH,PRESENT,ABSENT,HIGH,HIGH,HIGH,INSUFFICIENT_EVIDENCE
Claude Vanilla,CORE_CELL_16_style_a::S5,CORE_CELL_16_style_a,CELL_16,core,style_a,5,TASK_FRACTIONS_002,,1,status_risolto,HIGH,HIGH,PRESENT,ABSENT,HIGH,INSUFFICIENT_EVIDENCE,HIGH,INSUFFICIENT_EVIDENCE
Claude Vanilla,CORE_CELL_16_style_b::S1,CORE_CELL_16_style_b,CELL_16,core,style_b,1,TASK_FRACTIONS_011,,3,status_risolto,HIGH,HIGH,PRESENT,PRESENT,HIGH,HIGH,HIGH,INSUFFICIENT_EVIDENCE
Claude Vanilla,CORE_CELL_16_style_b::S2,CORE_CELL_16_style_b,CELL_16,core,style_b,2,TASK_FRACTIONS_001,,1,status_risolto,HIGH,HIGH,PRESENT,ABSENT,HIGH,INSUFFICIENT_EVIDENCE,HIGH,INSUFFICIENT_EVIDENCE
Claude Vanilla,CORE_CELL_16_style_b::S3,CORE_CELL_16_style_b,CELL_16,core,style_b,3,TASK_FRACTIONS_012,,3,status_risolto,HIGH,HIGH,PRESENT,PRESENT,HIGH,HIGH,HIGH,INSUFFICIENT_EVIDENCE
Claude Vanilla,CORE_CELL_16_style_b::S4,CORE_CELL_16_style_b,CELL_16,core,style_b,4,TASK_FRACTIONS_021,,3,status_risolto,HIGH,HIGH,PRESENT,ABSENT,HIGH,HIGH,HIGH,INSUFFICIENT_EVIDENCE
Claude Vanilla,CORE_CELL_16_style_b::S5,CORE_CELL_16_style_b,CELL_16,core,style_b,5,TASK_FRACTIONS_005,,1,status_risolto,HIGH,HIGH,PRESENT,ABSENT,HIGH,INSUFFICIENT_EVIDENCE,HIGH,INSUFFICIENT_EVIDENCE
Claude Vanilla,NP_NP1_style_a::S1,NP_NP1_style_a,CELL_03,numerical_processing,style_a,1,TASK_FRACTIONS_030,,3,status_risolto,LOW,HIGH,ABSENT,ABSENT,HIGH,HIGH,LOW,INSUFFICIENT_EVIDENCE
Claude Vanilla,NP_NP1_style_a::S2,NP_NP1_style_a,CELL_03,numerical_processing,style_a,2,TASK_FRACTIONS_006,,4,status_risolto,LOW,HIGH,ABSENT,ABSENT,HIGH,HIGH,LOW,INSUFFICIENT_EVIDENCE
Claude Vanilla,NP_NP1_style_a::S3,NP_NP1_style_a,CELL_03,numerical_processing,style_a,3,TASK_FRACTIONS_014,,5,status_risolto,LOW,HIGH,ABSENT,ABSENT,HIGH,HIGH,LOW,INSUFFICIENT_EVIDENCE
Claude Vanilla,NP_NP1_style_a::S4,NP_NP1_style_a,CELL_03,numerical_processing,style_a,4,TASK_FRACTIONS_013,,4,status_risolto,LOW,HIGH,ABSENT,ABSENT,HIGH,HIGH,LOW,INSUFFICIENT_EVIDENCE
Claude Vanilla,NP_NP1_style_a::S5,NP_NP1_style_a,CELL_03,numerical_processing,style_a,5,TASK_FRACTIONS_027,,2,status_risolto,LOW,HIGH,ABSENT,ABSENT,HIGH,HIGH,LOW,INSUFFICIENT_EVIDENCE
Claude Vanilla,NP_NP2_style_b::S1,NP_NP2_style_b,CELL_10,numerical_processing,style_b,1,TASK_FRACTIONS_010,,1,status_risolto,HIGH,HIGH,ABSENT,ABSENT,LOW,INSUFFICIENT_EVIDENCE,HIGH,INSUFFICIENT_EVIDENCE
Claude Vanilla,NP_NP2_style_b::S2,NP_NP2_style_b,CELL_10,numerical_processing,style_b,2,TASK_FRACTIONS_011,,6,status_risolto,HIGH,HIGH,ABSENT,ABSENT,LOW,HIGH,HIGH,INSUFFICIENT_EVIDENCE
Claude Vanilla,NP_NP2_style_b::S3,NP_NP2_style_b,CELL_10,numerical_processing,style_b,3,TASK_FRACTIONS_028,,1,status_risolto,HIGH,HIGH,ABSENT,ABSENT,LOW,INSUFFICIENT_EVIDENCE,HIGH,INSUFFICIENT_EVIDENCE
Claude Vanilla,NP_NP2_style_b::S4,NP_NP2_style_b,CELL_10,numerical_processing,style_b,4,TASK_FRACTIONS_012,,3,status_risolto,HIGH,HIGH,ABSENT,ABSENT,LOW,INSUFFICIENT_EVIDENCE,HIGH,INSUFFICIENT_EVIDENCE
Claude Vanilla,NP_NP2_style_b::S5,NP_NP2_style_b,CELL_10,numerical_processing,style_b,5,TASK_FRACTIONS_021,,12,max_learner_turns_reached,HIGH,HIGH,ABSENT,ABSENT,LOW,HIGH,HIGH,HIGH
Claude Vanilla,NP_NP3_style_b::S1,NP_NP3_style_b,CELL_05,numerical_processing,style_b,1,TASK_FRACTIONS_003,,5,status_risolto,LOW,HIGH,PRESENT,ABSENT,LOW,HIGH,LOW,INSUFFICIENT_EVIDENCE
Claude Vanilla,NP_NP3_style_b::S2,NP_NP3_style_b,CELL_05,numerical_processing,style_b,2,TASK_FRACTIONS_002,,3,status_risolto,LOW,LOW,PRESENT,ABSENT,LOW,LOW,LOW,INSUFFICIENT_EVIDENCE
Claude Vanilla,NP_NP3_style_b::S3,NP_NP3_style_b,CELL_05,numerical_processing,style_b,3,TASK_FRACTIONS_025,,3,status_risolto,LOW,LOW,PRESENT,ABSENT,LOW,LOW,LOW,INSUFFICIENT_EVIDENCE
Claude Vanilla,NP_NP3_style_b::S4,NP_NP3_style_b,CELL_05,numerical_processing,style_b,4,TASK_FRACTIONS_017,,4,status_risolto,LOW,LOW,PRESENT,ABSENT,LOW,HIGH,LOW,INSUFFICIENT_EVIDENCE
Claude Vanilla,NP_NP3_style_b::S5,NP_NP3_style_b,CELL_05,numerical_processing,style_b,5,TASK_FRACTIONS_026,,12,max_learner_turns_reached,LOW,LOW,PRESENT,PRESENT,LOW,HIGH,LOW,INSUFFICIENT_EVIDENCE
Claude Vanilla,NP_NP4_style_a::S1,NP_NP4_style_a,CELL_16,numerical_processing,style_a,1,TASK_FRACTIONS_008,,3,status_risolto,HIGH,HIGH,PRESENT,ABSENT,HIGH,HIGH,HIGH,INSUFFICIENT_EVIDENCE
Claude Vanilla,NP_NP4_style_a::S2,NP_NP4_style_a,CELL_16,numerical_processing,style_a,2,TASK_FRACTIONS_018,,4,status_risolto,HIGH,HIGH,PRESENT,ABSENT,HIGH,HIGH,HIGH,INSUFFICIENT_EVIDENCE
Claude Vanilla,NP_NP4_style_a::S3,NP_NP4_style_a,CELL_16,numerical_processing,style_a,3,TASK_FRACTIONS_029,,1,status_risolto,HIGH,HIGH,PRESENT,ABSENT,HIGH,INSUFFICIENT_EVIDENCE,HIGH,INSUFFICIENT_EVIDENCE
Claude Vanilla,NP_NP4_style_a::S4,NP_NP4_style_a,CELL_16,numerical_processing,style_a,4,TASK_FRACTIONS_024,,3,status_risolto,HIGH,HIGH,PRESENT,ABSENT,HIGH,HIGH,HIGH,INSUFFICIENT_EVIDENCE
Claude Vanilla,NP_NP4_style_a::S5,NP_NP4_style_a,CELL_16,numerical_processing,style_a,5,TASK_FRACTIONS_016,,6,status_risolto,HIGH,HIGH,PRESENT,ABSENT,HIGH,HIGH,HIGH,INSUFFICIENT_EVIDENCE
OpenAI,CHVAR_CH01_CORE_CELL_01_style_a::S1,CHVAR_CH01_CORE_CELL_01_style_a,CELL_01,channel_variant,style_a,1,TASK_FRACTIONS_018,CORE_CELL_01_style_a,2,status_risolto,LOW,LOW,ABSENT,PRESENT,LOW,HIGH,LOW,INSUFFICIENT_EVIDENCE
OpenAI,CHVAR_CH01_CORE_CELL_01_style_a::S2,CHVAR_CH01_CORE_CELL_01_style_a,CELL_01,channel_variant,style_a,2,TASK_FRACTIONS_023,CORE_CELL_01_style_a,2,status_risolto,LOW,LOW,ABSENT,ABSENT,LOW,HIGH,LOW,INSUFFICIENT_EVIDENCE
OpenAI,CHVAR_CH01_CORE_CELL_01_style_a::S3,CHVAR_CH01_CORE_CELL_01_style_a,CELL_01,channel_variant,style_a,3,TASK_FRACTIONS_009,CORE_CELL_01_style_a,2,status_risolto,LOW,LOW,ABSENT,ABSENT,LOW,HIGH,LOW,INSUFFICIENT_EVIDENCE
OpenAI,CHVAR_CH01_CORE_CELL_01_style_a::S4,CHVAR_CH01_CORE_CELL_01_style_a,CELL_01,channel_variant,style_a,4,TASK_FRACTIONS_003,CORE_CELL_01_style_a,2,status_risolto,LOW,HIGH,ABSENT,ABSENT,LOW,HIGH,LOW,INSUFFICIENT_EVIDENCE
OpenAI,CHVAR_CH01_CORE_CELL_01_style_a::S5,CHVAR_CH01_CORE_CELL_01_style_a,CELL_01,channel_variant,style_a,5,TASK_FRACTIONS_015,CORE_CELL_01_style_a,3,status_risolto,LOW,LOW,ABSENT,INSUFFICIENT_EVIDENCE,LOW,HIGH,LOW,INSUFFICIENT_EVIDENCE
OpenAI,CHVAR_CH02_CORE_CELL_13_style_b::S1,CHVAR_CH02_CORE_CELL_13_style_b,CELL_13,channel_variant,style_b,1,TASK_FRACTIONS_009,CORE_CELL_13_style_b,2,status_risolto,HIGH,LOW,PRESENT,ABSENT,LOW,INSUFFICIENT_EVIDENCE,LOW,INSUFFICIENT_EVIDENCE
OpenAI,CHVAR_CH02_CORE_CELL_13_style_b::S2,CHVAR_CH02_CORE_CELL_13_style_b,CELL_13,channel_variant,style_b,2,TASK_FRACTIONS_014,CORE_CELL_13_style_b,1,status_risolto,HIGH,LOW,PRESENT,INSUFFICIENT_EVIDENCE,LOW,INSUFFICIENT_EVIDENCE,LOW,INSUFFICIENT_EVIDENCE
OpenAI,CHVAR_CH02_CORE_CELL_13_style_b::S3,CHVAR_CH02_CORE_CELL_13_style_b,CELL_13,channel_variant,style_b,3,TASK_FRACTIONS_030,CORE_CELL_13_style_b,1,status_risolto,HIGH,HIGH,PRESENT,ABSENT,LOW,INSUFFICIENT_EVIDENCE,LOW,INSUFFICIENT_EVIDENCE
OpenAI,CHVAR_CH02_CORE_CELL_13_style_b::S4,CHVAR_CH02_CORE_CELL_13_style_b,CELL_13,channel_variant,style_b,4,TASK_FRACTIONS_027,CORE_CELL_13_style_b,1,status_risolto,HIGH,HIGH,PRESENT,ABSENT,LOW,INSUFFICIENT_EVIDENCE,LOW,INSUFFICIENT_EVIDENCE
OpenAI,CHVAR_CH02_CORE_CELL_13_style_b::S5,CHVAR_CH02_CORE_CELL_13_style_b,CELL_13,channel_variant,style_b,5,TASK_FRACTIONS_023,CORE_CELL_13_style_b,1,status_risolto,HIGH,HIGH,PRESENT,ABSENT,LOW,INSUFFICIENT_EVIDENCE,LOW,INSUFFICIENT_EVIDENCE
OpenAI,CHVAR_CH03_CORE_CELL_11_style_a::S1,CHVAR_CH03_CORE_CELL_11_style_a,CELL_11,channel_variant,style_a,1,TASK_FRACTIONS_019,CORE_CELL_11_style_a,1,status_risolto,HIGH,HIGH,ABSENT,ABSENT,HIGH,INSUFFICIENT_EVIDENCE,LOW,INSUFFICIENT_EVIDENCE
OpenAI,CHVAR_CH03_CORE_CELL_11_style_a::S2,CHVAR_CH03_CORE_CELL_11_style_a,CELL_11,channel_variant,style_a,2,TASK_FRACTIONS_020,CORE_CELL_11_style_a,2,status_risolto,HIGH,HIGH,ABSENT,ABSENT,HIGH,HIGH,LOW,INSUFFICIENT_EVIDENCE
OpenAI,CHVAR_CH03_CORE_CELL_11_style_a::S3,CHVAR_CH03_CORE_CELL_11_style_a,CELL_11,channel_variant,style_a,3,TASK_FRACTIONS_022,CORE_CELL_11_style_a,1,status_risolto,HIGH,HIGH,ABSENT,ABSENT,HIGH,INSUFFICIENT_EVIDENCE,LOW,INSUFFICIENT_EVIDENCE
OpenAI,CHVAR_CH03_CORE_CELL_11_style_a::S4,CHVAR_CH03_CORE_CELL_11_style_a,CELL_11,channel_variant,style_a,4,TASK_FRACTIONS_028,CORE_CELL_11_style_a,1,status_risolto,HIGH,HIGH,ABSENT,ABSENT,HIGH,INSUFFICIENT_EVIDENCE,LOW,INSUFFICIENT_EVIDENCE
OpenAI,CHVAR_CH03_CORE_CELL_11_style_a::S5,CHVAR_CH03_CORE_CELL_11_style_a,CELL_11,channel_variant,style_a,5,TASK_FRACTIONS_001,CORE_CELL_11_style_a,1,status_risolto,HIGH,HIGH,ABSENT,ABSENT,HIGH,INSUFFICIENT_EVIDENCE,LOW,INSUFFICIENT_EVIDENCE
OpenAI,CHVAR_CH04_CORE_CELL_10_style_b::S1,CHVAR_CH04_CORE_CELL_10_style_b,CELL_10,channel_variant,style_b,1,TASK_FRACTIONS_020,CORE_CELL_10_style_b,1,status_risolto,HIGH,HIGH,ABSENT,ABSENT,LOW,INSUFFICIENT_EVIDENCE,HIGH,INSUFFICIENT_EVIDENCE
OpenAI,CHVAR_CH04_CORE_CELL_10_style_b::S2,CHVAR_CH04_CORE_CELL_10_style_b,CELL_10,channel_variant,style_b,2,TASK_FRACTIONS_013,CORE_CELL_10_style_b,2,status_risolto,HIGH,LOW,ABSENT,ABSENT,LOW,INSUFFICIENT_EVIDENCE,HIGH,INSUFFICIENT_EVIDENCE
OpenAI,CHVAR_CH04_CORE_CELL_10_style_b::S3,CHVAR_CH04_CORE_CELL_10_style_b,CELL_10,channel_variant,style_b,3,TASK_FRACTIONS_010,CORE_CELL_10_style_b,1,status_risolto,HIGH,HIGH,ABSENT,ABSENT,LOW,INSUFFICIENT_EVIDENCE,HIGH,INSUFFICIENT_EVIDENCE
OpenAI,CHVAR_CH04_CORE_CELL_10_style_b::S4,CHVAR_CH04_CORE_CELL_10_style_b,CELL_10,channel_variant,style_b,4,TASK_FRACTIONS_019,CORE_CELL_10_style_b,1,status_risolto,HIGH,HIGH,ABSENT,ABSENT,LOW,INSUFFICIENT_EVIDENCE,HIGH,INSUFFICIENT_EVIDENCE
OpenAI,CHVAR_CH04_CORE_CELL_10_style_b::S5,CHVAR_CH04_CORE_CELL_10_style_b,CELL_10,channel_variant,style_b,5,TASK_FRACTIONS_006,CORE_CELL_10_style_b,1,status_risolto,HIGH,HIGH,ABSENT,INSUFFICIENT_EVIDENCE,LOW,INSUFFICIENT_EVIDENCE,HIGH,INSUFFICIENT_EVIDENCE
OpenAI,CHVAR_CH05_CORE_CELL_07_style_a::S1,CHVAR_CH05_CORE_CELL_07_style_a,CELL_07,channel_variant,style_a,1,TASK_FRACTIONS_030,CORE_CELL_07_style_a,4,status_risolto,LOW,HIGH,PRESENT,ABSENT,HIGH,HIGH,LOW,INSUFFICIENT_EVIDENCE
OpenAI,CHVAR_CH05_CORE_CELL_07_style_a::S2,CHVAR_CH05_CORE_CELL_07_style_a,CELL_07,channel_variant,style_a,2,TASK_FRACTIONS_006,CORE_CELL_07_style_a,3,status_risolto,LOW,HIGH,PRESENT,ABSENT,HIGH,HIGH,LOW,INSUFFICIENT_EVIDENCE
OpenAI,CHVAR_CH05_CORE_CELL_07_style_a::S3,CHVAR_CH05_CORE_CELL_07_style_a,CELL_07,channel_variant,style_a,3,TASK_FRACTIONS_014,CORE_CELL_07_style_a,4,status_risolto,LOW,HIGH,PRESENT,ABSENT,HIGH,HIGH,LOW,INSUFFICIENT_EVIDENCE
OpenAI,CHVAR_CH05_CORE_CELL_07_style_a::S4,CHVAR_CH05_CORE_CELL_07_style_a,CELL_07,channel_variant,style_a,4,TASK_FRACTIONS_013,CORE_CELL_07_style_a,10,status_risolto,LOW,HIGH,PRESENT,ABSENT,HIGH,HIGH,LOW,HIGH
OpenAI,CHVAR_CH05_CORE_CELL_07_style_a::S5,CHVAR_CH05_CORE_CELL_07_style_a,CELL_07,channel_variant,style_a,5,TASK_FRACTIONS_027,CORE_CELL_07_style_a,3,status_risolto,LOW,LOW,PRESENT,ABSENT,HIGH,HIGH,LOW,INSUFFICIENT_EVIDENCE
OpenAI,CHVAR_CH06_CORE_CELL_06_style_b::S1,CHVAR_CH06_CORE_CELL_06_style_b,CELL_06,channel_variant,style_b,1,TASK_FRACTIONS_015,CORE_CELL_06_style_b,3,status_risolto,LOW,LOW,PRESENT,INSUFFICIENT_EVIDENCE,LOW,HIGH,HIGH,INSUFFICIENT_EVIDENCE
OpenAI,CHVAR_CH06_CORE_CELL_06_style_b::S2,CHVAR_CH06_CORE_CELL_06_style_b,CELL_06,channel_variant,style_b,2,TASK_FRACTIONS_019,CORE_CELL_06_style_b,2,status_risolto,LOW,LOW,PRESENT,ABSENT,LOW,LOW,HIGH,INSUFFICIENT_EVIDENCE
OpenAI,CHVAR_CH06_CORE_CELL_06_style_b::S3,CHVAR_CH06_CORE_CELL_06_style_b,CELL_06,channel_variant,style_b,3,TASK_FRACTIONS_005,CORE_CELL_06_style_b,2,status_risolto,LOW,LOW,PRESENT,ABSENT,LOW,LOW,HIGH,INSUFFICIENT_EVIDENCE
OpenAI,CHVAR_CH06_CORE_CELL_06_style_b::S4,CHVAR_CH06_CORE_CELL_06_style_b,CELL_06,channel_variant,style_b,4,TASK_FRACTIONS_026,CORE_CELL_06_style_b,1,status_risolto,LOW,HIGH,PRESENT,ABSENT,LOW,INSUFFICIENT_EVIDENCE,HIGH,INSUFFICIENT_EVIDENCE
OpenAI,CHVAR_CH06_CORE_CELL_06_style_b::S5,CHVAR_CH06_CORE_CELL_06_style_b,CELL_06,channel_variant,style_b,5,TASK_FRACTIONS_020,CORE_CELL_06_style_b,2,status_risolto,LOW,HIGH,PRESENT,INSUFFICIENT_EVIDENCE,LOW,HIGH,HIGH,INSUFFICIENT_EVIDENCE
OpenAI,CHVAR_CH07_CORE_CELL_04_style_a::S1,CHVAR_CH07_CORE_CELL_04_style_a,CELL_04,channel_variant,style_a,1,TASK_FRACTIONS_028,CORE_CELL_04_style_a,3,status_risolto,LOW,HIGH,ABSENT,ABSENT,HIGH,HIGH,HIGH,INSUFFICIENT_EVIDENCE
OpenAI,CHVAR_CH07_CORE_CELL_04_style_a::S2,CHVAR_CH07_CORE_CELL_04_style_a,CELL_04,channel_variant,style_a,2,TASK_FRACTIONS_025,CORE_CELL_04_style_a,2,status_risolto,LOW,HIGH,ABSENT,ABSENT,HIGH,HIGH,HIGH,INSUFFICIENT_EVIDENCE
OpenAI,CHVAR_CH07_CORE_CELL_04_style_a::S3,CHVAR_CH07_CORE_CELL_04_style_a,CELL_04,channel_variant,style_a,3,TASK_FRACTIONS_004,CORE_CELL_04_style_a,7,status_risolto,LOW,HIGH,ABSENT,ABSENT,HIGH,HIGH,HIGH,INSUFFICIENT_EVIDENCE
OpenAI,CHVAR_CH07_CORE_CELL_04_style_a::S4,CHVAR_CH07_CORE_CELL_04_style_a,CELL_04,channel_variant,style_a,4,TASK_FRACTIONS_001,CORE_CELL_04_style_a,2,status_risolto,LOW,HIGH,ABSENT,ABSENT,HIGH,HIGH,HIGH,INSUFFICIENT_EVIDENCE
OpenAI,CHVAR_CH07_CORE_CELL_04_style_a::S5,CHVAR_CH07_CORE_CELL_04_style_a,CELL_04,channel_variant,style_a,5,TASK_FRACTIONS_015,CORE_CELL_04_style_a,3,status_risolto,LOW,HIGH,ABSENT,ABSENT,HIGH,HIGH,HIGH,INSUFFICIENT_EVIDENCE
OpenAI,CHVAR_CH08_CORE_CELL_16_style_b::S1,CHVAR_CH08_CORE_CELL_16_style_b,CELL_16,channel_variant,style_b,1,TASK_FRACTIONS_011,CORE_CELL_16_style_b,2,status_risolto,HIGH,LOW,PRESENT,ABSENT,HIGH,HIGH,HIGH,INSUFFICIENT_EVIDENCE
OpenAI,CHVAR_CH08_CORE_CELL_16_style_b::S2,CHVAR_CH08_CORE_CELL_16_style_b,CELL_16,channel_variant,style_b,2,TASK_FRACTIONS_001,CORE_CELL_16_style_b,1,status_risolto,HIGH,HIGH,PRESENT,ABSENT,HIGH,INSUFFICIENT_EVIDENCE,HIGH,INSUFFICIENT_EVIDENCE
OpenAI,CHVAR_CH08_CORE_CELL_16_style_b::S3,CHVAR_CH08_CORE_CELL_16_style_b,CELL_16,channel_variant,style_b,3,TASK_FRACTIONS_012,CORE_CELL_16_style_b,2,status_risolto,HIGH,LOW,PRESENT,ABSENT,HIGH,HIGH,HIGH,INSUFFICIENT_EVIDENCE
OpenAI,CHVAR_CH08_CORE_CELL_16_style_b::S4,CHVAR_CH08_CORE_CELL_16_style_b,CELL_16,channel_variant,style_b,4,TASK_FRACTIONS_021,CORE_CELL_16_style_b,1,status_risolto,HIGH,HIGH,PRESENT,ABSENT,HIGH,INSUFFICIENT_EVIDENCE,HIGH,INSUFFICIENT_EVIDENCE
OpenAI,CHVAR_CH08_CORE_CELL_16_style_b::S5,CHVAR_CH08_CORE_CELL_16_style_b,CELL_16,channel_variant,style_b,5,TASK_FRACTIONS_005,CORE_CELL_16_style_b,1,status_risolto,HIGH,HIGH,PRESENT,ABSENT,HIGH,INSUFFICIENT_EVIDENCE,HIGH,INSUFFICIENT_EVIDENCE
OpenAI,CORE_CELL_01_style_a::S1,CORE_CELL_01_style_a,CELL_01,core,style_a,1,TASK_FRACTIONS_018,,2,status_risolto,LOW,LOW,ABSENT,ABSENT,LOW,HIGH,LOW,INSUFFICIENT_EVIDENCE
OpenAI,CORE_CELL_01_style_a::S2,CORE_CELL_01_style_a,CELL_01,core,style_a,2,TASK_FRACTIONS_023,,2,status_risolto,LOW,LOW,ABSENT,ABSENT,LOW,HIGH,LOW,INSUFFICIENT_EVIDENCE
OpenAI,CORE_CELL_01_style_a::S3,CORE_CELL_01_style_a,CELL_01,core,style_a,3,TASK_FRACTIONS_009,,2,status_risolto,LOW,LOW,ABSENT,ABSENT,LOW,HIGH,LOW,INSUFFICIENT_EVIDENCE
OpenAI,CORE_CELL_01_style_a::S4,CORE_CELL_01_style_a,CELL_01,core,style_a,4,TASK_FRACTIONS_003,,2,status_risolto,LOW,HIGH,ABSENT,ABSENT,LOW,HIGH,LOW,INSUFFICIENT_EVIDENCE
OpenAI,CORE_CELL_01_style_a::S5,CORE_CELL_01_style_a,CELL_01,core,style_a,5,TASK_FRACTIONS_015,,2,status_risolto,LOW,LOW,ABSENT,ABSENT,LOW,HIGH,LOW,INSUFFICIENT_EVIDENCE
OpenAI,CORE_CELL_01_style_b::S1,CORE_CELL_01_style_b,CELL_01,core,style_b,1,TASK_FRACTIONS_002,,2,status_risolto,LOW,LOW,ABSENT,INSUFFICIENT_EVIDENCE,LOW,HIGH,LOW,INSUFFICIENT_EVIDENCE
OpenAI,CORE_CELL_01_style_b::S2,CORE_CELL_01_style_b,CELL_01,core,style_b,2,TASK_FRACTIONS_027,,2,status_risolto,LOW,LOW,ABSENT,ABSENT,LOW,HIGH,LOW,INSUFFICIENT_EVIDENCE
OpenAI,CORE_CELL_01_style_b::S3,CORE_CELL_01_style_b,CELL_01,core,style_b,3,TASK_FRACTIONS_004,,5,status_risolto,LOW,HIGH,ABSENT,ABSENT,LOW,HIGH,LOW,INSUFFICIENT_EVIDENCE
OpenAI,CORE_CELL_01_style_b::S4,CORE_CELL_01_style_b,CELL_01,core,style_b,4,TASK_FRACTIONS_017,,3,status_risolto,LOW,LOW,ABSENT,PRESENT,LOW,LOW,LOW,INSUFFICIENT_EVIDENCE
OpenAI,CORE_CELL_01_style_b::S5,CORE_CELL_01_style_b,CELL_01,core,style_b,5,TASK_FRACTIONS_008,,1,status_risolto,LOW,LOW,ABSENT,INSUFFICIENT_EVIDENCE,LOW,INSUFFICIENT_EVIDENCE,LOW,INSUFFICIENT_EVIDENCE
OpenAI,CORE_CELL_02_style_a::S1,CORE_CELL_02_style_a,CELL_02,core,style_a,1,TASK_FRACTIONS_023,,2,status_risolto,LOW,LOW,ABSENT,ABSENT,LOW,HIGH,HIGH,INSUFFICIENT_EVIDENCE
OpenAI,CORE_CELL_02_style_a::S2,CORE_CELL_02_style_a,CELL_02,core,style_a,2,TASK_FRACTIONS_024,,2,status_risolto,LOW,HIGH,ABSENT,ABSENT,LOW,HIGH,HIGH,INSUFFICIENT_EVIDENCE
OpenAI,CORE_CELL_02_style_a::S3,CORE_CELL_02_style_a,CELL_02,core,style_a,3,TASK_FRACTIONS_015,,2,status_risolto,LOW,LOW,ABSENT,ABSENT,LOW,HIGH,HIGH,INSUFFICIENT_EVIDENCE
OpenAI,CORE_CELL_02_style_a::S4,CORE_CELL_02_style_a,CELL_02,core,style_a,4,TASK_FRACTIONS_009,,2,status_risolto,LOW,LOW,ABSENT,ABSENT,LOW,HIGH,HIGH,INSUFFICIENT_EVIDENCE
OpenAI,CORE_CELL_02_style_a::S5,CORE_CELL_02_style_a,CELL_02,core,style_a,5,TASK_FRACTIONS_003,,1,status_risolto,LOW,HIGH,ABSENT,ABSENT,LOW,HIGH,HIGH,INSUFFICIENT_EVIDENCE
OpenAI,CORE_CELL_02_style_b::S1,CORE_CELL_02_style_b,CELL_02,core,style_b,1,TASK_FRACTIONS_020,,1,status_risolto,LOW,HIGH,ABSENT,ABSENT,LOW,INSUFFICIENT_EVIDENCE,HIGH,INSUFFICIENT_EVIDENCE
OpenAI,CORE_CELL_02_style_b::S2,CORE_CELL_02_style_b,CELL_02,core,style_b,2,TASK_FRACTIONS_013,,2,status_risolto,LOW,LOW,ABSENT,ABSENT,LOW,HIGH,HIGH,INSUFFICIENT_EVIDENCE
OpenAI,CORE_CELL_02_style_b::S3,CORE_CELL_02_style_b,CELL_02,core,style_b,3,TASK_FRACTIONS_010,,2,status_risolto,LOW,LOW,ABSENT,ABSENT,LOW,HIGH,HIGH,INSUFFICIENT_EVIDENCE
OpenAI,CORE_CELL_02_style_b::S4,CORE_CELL_02_style_b,CELL_02,core,style_b,4,TASK_FRACTIONS_019,,1,status_risolto,LOW,HIGH,ABSENT,ABSENT,LOW,INSUFFICIENT_EVIDENCE,HIGH,INSUFFICIENT_EVIDENCE
OpenAI,CORE_CELL_02_style_b::S5,CORE_CELL_02_style_b,CELL_02,core,style_b,5,TASK_FRACTIONS_006,,2,status_risolto,LOW,HIGH,ABSENT,INSUFFICIENT_EVIDENCE,LOW,HIGH,HIGH,INSUFFICIENT_EVIDENCE
OpenAI,CORE_CELL_03_style_a::S1,CORE_CELL_03_style_a,CELL_03,core,style_a,1,TASK_FRACTIONS_019,,2,status_risolto,LOW,HIGH,ABSENT,ABSENT,HIGH,HIGH,LOW,INSUFFICIENT_EVIDENCE
OpenAI,CORE_CELL_03_style_a::S2,CORE_CELL_03_style_a,CELL_03,core,style_a,2,TASK_FRACTIONS_020,,4,status_risolto,LOW,HIGH,ABSENT,ABSENT,HIGH,HIGH,LOW,INSUFFICIENT_EVIDENCE
OpenAI,CORE_CELL_03_style_a::S3,CORE_CELL_03_style_a,CELL_03,core,style_a,3,TASK_FRACTIONS_022,,2,status_risolto,LOW,HIGH,ABSENT,ABSENT,HIGH,HIGH,LOW,INSUFFICIENT_EVIDENCE
OpenAI,CORE_CELL_03_style_a::S4,CORE_CELL_03_style_a,CELL_03,core,style_a,4,TASK_FRACTIONS_028,,4,status_risolto,LOW,HIGH,ABSENT,ABSENT,HIGH,HIGH,LOW,INSUFFICIENT_EVIDENCE
OpenAI,CORE_CELL_03_style_a::S5,CORE_CELL_03_style_a,CELL_03,core,style_a,5,TASK_FRACTIONS_001,,2,status_risolto,LOW,HIGH,ABSENT,ABSENT,HIGH,HIGH,LOW,INSUFFICIENT_EVIDENCE
OpenAI,CORE_CELL_03_style_b::S1,CORE_CELL_03_style_b,CELL_03,core,style_b,1,TASK_FRACTIONS_009,,2,status_risolto,LOW,LOW,ABSENT,ABSENT,HIGH,HIGH,LOW,INSUFFICIENT_EVIDENCE
OpenAI,CORE_CELL_03_style_b::S2,CORE_CELL_03_style_b,CELL_03,core,style_b,2,TASK_FRACTIONS_004,,12,max_learner_turns_reached,LOW,HIGH,ABSENT,ABSENT,HIGH,HIGH,LOW,INSUFFICIENT_EVIDENCE
OpenAI,CORE_CELL_03_style_b::S3,CORE_CELL_03_style_b,CELL_03,core,style_b,3,TASK_FRACTIONS_024,,3,status_risolto,LOW,HIGH,ABSENT,ABSENT,HIGH,HIGH,LOW,INSUFFICIENT_EVIDENCE
OpenAI,CORE_CELL_03_style_b::S4,CORE_CELL_03_style_b,CELL_03,core,style_b,4,TASK_FRACTIONS_010,,2,status_risolto,LOW,HIGH,ABSENT,ABSENT,HIGH,HIGH,LOW,INSUFFICIENT_EVIDENCE
OpenAI,CORE_CELL_03_style_b::S5,CORE_CELL_03_style_b,CELL_03,core,style_b,5,TASK_FRACTIONS_018,,3,status_risolto,LOW,HIGH,ABSENT,ABSENT,HIGH,HIGH,LOW,INSUFFICIENT_EVIDENCE
OpenAI,CORE_CELL_04_style_a::S1,CORE_CELL_04_style_a,CELL_04,core,style_a,1,TASK_FRACTIONS_028,,2,status_risolto,LOW,HIGH,ABSENT,ABSENT,HIGH,HIGH,HIGH,INSUFFICIENT_EVIDENCE
OpenAI,CORE_CELL_04_style_a::S2,CORE_CELL_04_style_a,CELL_04,core,style_a,2,TASK_FRACTIONS_025,,1,status_risolto,LOW,HIGH,ABSENT,ABSENT,HIGH,HIGH,HIGH,INSUFFICIENT_EVIDENCE
OpenAI,CORE_CELL_04_style_a::S3,CORE_CELL_04_style_a,CELL_04,core,style_a,3,TASK_FRACTIONS_004,,7,status_risolto,LOW,HIGH,ABSENT,ABSENT,HIGH,HIGH,HIGH,INSUFFICIENT_EVIDENCE
OpenAI,CORE_CELL_04_style_a::S4,CORE_CELL_04_style_a,CELL_04,core,style_a,4,TASK_FRACTIONS_001,,1,status_risolto,LOW,HIGH,ABSENT,ABSENT,HIGH,HIGH,HIGH,INSUFFICIENT_EVIDENCE
OpenAI,CORE_CELL_04_style_a::S5,CORE_CELL_04_style_a,CELL_04,core,style_a,5,TASK_FRACTIONS_015,,2,status_risolto,LOW,HIGH,ABSENT,ABSENT,HIGH,HIGH,HIGH,INSUFFICIENT_EVIDENCE
OpenAI,CORE_CELL_04_style_b::S1,CORE_CELL_04_style_b,CELL_04,core,style_b,1,TASK_FRACTIONS_026,,1,status_risolto,LOW,HIGH,ABSENT,INSUFFICIENT_EVIDENCE,HIGH,INSUFFICIENT_EVIDENCE,HIGH,INSUFFICIENT_EVIDENCE
OpenAI,CORE_CELL_04_style_b::S2,CORE_CELL_04_style_b,CELL_04,core,style_b,2,TASK_FRACTIONS_017,,3,status_risolto,LOW,HIGH,ABSENT,ABSENT,HIGH,HIGH,HIGH,INSUFFICIENT_EVIDENCE
OpenAI,CORE_CELL_04_style_b::S3,CORE_CELL_04_style_b,CELL_04,core,style_b,3,TASK_FRACTIONS_016,,4,status_risolto,LOW,HIGH,ABSENT,ABSENT,HIGH,HIGH,HIGH,INSUFFICIENT_EVIDENCE
OpenAI,CORE_CELL_04_style_b::S4,CORE_CELL_04_style_b,CELL_04,core,style_b,4,TASK_FRACTIONS_003,,1,status_risolto,LOW,HIGH,ABSENT,ABSENT,HIGH,HIGH,HIGH,INSUFFICIENT_EVIDENCE
OpenAI,CORE_CELL_04_style_b::S5,CORE_CELL_04_style_b,CELL_04,core,style_b,5,TASK_FRACTIONS_023,,2,status_risolto,LOW,HIGH,ABSENT,ABSENT,HIGH,HIGH,HIGH,INSUFFICIENT_EVIDENCE
OpenAI,CORE_CELL_05_style_a::S1,CORE_CELL_05_style_a,CELL_05,core,style_a,1,TASK_FRACTIONS_022,,3,status_risolto,LOW,HIGH,PRESENT,ABSENT,LOW,HIGH,LOW,INSUFFICIENT_EVIDENCE
OpenAI,CORE_CELL_05_style_a::S2,CORE_CELL_05_style_a,CELL_05,core,style_a,2,TASK_FRACTIONS_021,,3,status_risolto,LOW,HIGH,PRESENT,ABSENT,LOW,HIGH,LOW,INSUFFICIENT_EVIDENCE
OpenAI,CORE_CELL_05_style_a::S3,CORE_CELL_05_style_a,CELL_05,core,style_a,3,TASK_FRACTIONS_026,,1,status_risolto,LOW,HIGH,PRESENT,ABSENT,LOW,INSUFFICIENT_EVIDENCE,LOW,INSUFFICIENT_EVIDENCE
OpenAI,CORE_CELL_05_style_a::S4,CORE_CELL_05_style_a,CELL_05,core,style_a,4,TASK_FRACTIONS_007,,2,status_risolto,LOW,LOW,PRESENT,PRESENT,LOW,HIGH,LOW,INSUFFICIENT_EVIDENCE
OpenAI,CORE_CELL_05_style_a::S5,CORE_CELL_05_style_a,CELL_05,core,style_a,5,TASK_FRACTIONS_008,,2,status_risolto,LOW,LOW,PRESENT,ABSENT,LOW,HIGH,LOW,INSUFFICIENT_EVIDENCE
OpenAI,CORE_CELL_05_style_b::S1,CORE_CELL_05_style_b,CELL_05,core,style_b,1,TASK_FRACTIONS_009,,2,status_risolto,LOW,LOW,PRESENT,ABSENT,LOW,HIGH,LOW,INSUFFICIENT_EVIDENCE
OpenAI,CORE_CELL_05_style_b::S2,CORE_CELL_05_style_b,CELL_05,core,style_b,2,TASK_FRACTIONS_014,,3,status_risolto,LOW,LOW,PRESENT,ABSENT,LOW,HIGH,LOW,INSUFFICIENT_EVIDENCE
OpenAI,CORE_CELL_05_style_b::S3,CORE_CELL_05_style_b,CELL_05,core,style_b,3,TASK_FRACTIONS_030,,3,status_risolto,LOW,LOW,PRESENT,PRESENT,LOW,LOW,LOW,INSUFFICIENT_EVIDENCE
OpenAI,CORE_CELL_05_style_b::S4,CORE_CELL_05_style_b,CELL_05,core,style_b,4,TASK_FRACTIONS_027,,2,status_risolto,LOW,LOW,PRESENT,ABSENT,LOW,HIGH,LOW,INSUFFICIENT_EVIDENCE
OpenAI,CORE_CELL_05_style_b::S5,CORE_CELL_05_style_b,CELL_05,core,style_b,5,TASK_FRACTIONS_023,,2,status_risolto,LOW,LOW,PRESENT,ABSENT,LOW,LOW,LOW,INSUFFICIENT_EVIDENCE
OpenAI,CORE_CELL_06_style_a::S1,CORE_CELL_06_style_a,CELL_06,core,style_a,1,TASK_FRACTIONS_004,,3,status_risolto,LOW,LOW,PRESENT,ABSENT,LOW,HIGH,HIGH,INSUFFICIENT_EVIDENCE
OpenAI,CORE_CELL_06_style_a::S2,CORE_CELL_06_style_a,CELL_06,core,style_a,2,TASK_FRACTIONS_007,,3,status_risolto,LOW,LOW,PRESENT,PRESENT,LOW,HIGH,HIGH,INSUFFICIENT_EVIDENCE
OpenAI,CORE_CELL_06_style_a::S3,CORE_CELL_06_style_a,CELL_06,core,style_a,3,TASK_FRACTIONS_017,,2,status_risolto,LOW,LOW,PRESENT,ABSENT,LOW,HIGH,HIGH,INSUFFICIENT_EVIDENCE
OpenAI,CORE_CELL_06_style_a::S4,CORE_CELL_06_style_a,CELL_06,core,style_a,4,TASK_FRACTIONS_023,,2,status_risolto,LOW,LOW,PRESENT,ABSENT,LOW,HIGH,HIGH,INSUFFICIENT_EVIDENCE
OpenAI,CORE_CELL_06_style_a::S5,CORE_CELL_06_style_a,CELL_06,core,style_a,5,TASK_FRACTIONS_021,,5,status_risolto,LOW,HIGH,PRESENT,ABSENT,LOW,HIGH,HIGH,INSUFFICIENT_EVIDENCE
OpenAI,CORE_CELL_06_style_b::S1,CORE_CELL_06_style_b,CELL_06,core,style_b,1,TASK_FRACTIONS_015,,1,status_risolto,LOW,LOW,PRESENT,PRESENT,LOW,INSUFFICIENT_EVIDENCE,HIGH,INSUFFICIENT_EVIDENCE
OpenAI,CORE_CELL_06_style_b::S2,CORE_CELL_06_style_b,CELL_06,core,style_b,2,TASK_FRACTIONS_019,,2,status_risolto,LOW,LOW,PRESENT,INSUFFICIENT_EVIDENCE,LOW,INSUFFICIENT_EVIDENCE,HIGH,INSUFFICIENT_EVIDENCE
OpenAI,CORE_CELL_06_style_b::S3,CORE_CELL_06_style_b,CELL_06,core,style_b,3,TASK_FRACTIONS_005,,2,status_risolto,LOW,LOW,PRESENT,ABSENT,LOW,HIGH,HIGH,INSUFFICIENT_EVIDENCE
OpenAI,CORE_CELL_06_style_b::S4,CORE_CELL_06_style_b,CELL_06,core,style_b,4,TASK_FRACTIONS_026,,1,status_risolto,LOW,LOW,PRESENT,INSUFFICIENT_EVIDENCE,LOW,INSUFFICIENT_EVIDENCE,HIGH,INSUFFICIENT_EVIDENCE
OpenAI,CORE_CELL_06_style_b::S5,CORE_CELL_06_style_b,CELL_06,core,style_b,5,TASK_FRACTIONS_020,,2,status_risolto,LOW,HIGH,PRESENT,ABSENT,LOW,HIGH,HIGH,INSUFFICIENT_EVIDENCE
OpenAI,CORE_CELL_07_style_a::S1,CORE_CELL_07_style_a,CELL_07,core,style_a,1,TASK_FRACTIONS_030,,4,status_risolto,LOW,HIGH,PRESENT,ABSENT,HIGH,HIGH,LOW,INSUFFICIENT_EVIDENCE
OpenAI,CORE_CELL_07_style_a::S2,CORE_CELL_07_style_a,CELL_07,core,style_a,2,TASK_FRACTIONS_006,,3,status_risolto,LOW,HIGH,PRESENT,ABSENT,HIGH,HIGH,LOW,INSUFFICIENT_EVIDENCE
OpenAI,CORE_CELL_07_style_a::S3,CORE_CELL_07_style_a,CELL_07,core,style_a,3,TASK_FRACTIONS_014,,3,status_risolto,LOW,HIGH,PRESENT,ABSENT,HIGH,HIGH,LOW,INSUFFICIENT_EVIDENCE
OpenAI,CORE_CELL_07_style_a::S4,CORE_CELL_07_style_a,CELL_07,core,style_a,4,TASK_FRACTIONS_013,,3,status_risolto,LOW,LOW,PRESENT,ABSENT,HIGH,HIGH,LOW,INSUFFICIENT_EVIDENCE
OpenAI,CORE_CELL_07_style_a::S5,CORE_CELL_07_style_a,CELL_07,core,style_a,5,TASK_FRACTIONS_027,,2,status_risolto,LOW,HIGH,PRESENT,ABSENT,HIGH,HIGH,LOW,INSUFFICIENT_EVIDENCE
OpenAI,CORE_CELL_07_style_b::S1,CORE_CELL_07_style_b,CELL_07,core,style_b,1,TASK_FRACTIONS_003,,2,status_risolto,LOW,HIGH,PRESENT,INSUFFICIENT_EVIDENCE,HIGH,HIGH,LOW,INSUFFICIENT_EVIDENCE
OpenAI,CORE_CELL_07_style_b::S2,CORE_CELL_07_style_b,CELL_07,core,style_b,2,TASK_FRACTIONS_025,,3,status_risolto,LOW,HIGH,PRESENT,ABSENT,HIGH,HIGH,LOW,INSUFFICIENT_EVIDENCE
OpenAI,CORE_CELL_07_style_b::S3,CORE_CELL_07_style_b,CELL_07,core,style_b,3,TASK_FRACTIONS_007,,3,status_risolto,LOW,LOW,PRESENT,ABSENT,HIGH,HIGH,LOW,INSUFFICIENT_EVIDENCE
OpenAI,CORE_CELL_07_style_b::S4,CORE_CELL_07_style_b,CELL_07,core,style_b,4,TASK_FRACTIONS_004,,12,max_learner_turns_reached,LOW,HIGH,PRESENT,ABSENT,HIGH,HIGH,LOW,INSUFFICIENT_EVIDENCE
OpenAI,CORE_CELL_07_style_b::S5,CORE_CELL_07_style_b,CELL_07,core,style_b,5,TASK_FRACTIONS_017,,12,max_learner_turns_reached,LOW,HIGH,PRESENT,ABSENT,HIGH,HIGH,LOW,HIGH
OpenAI,CORE_CELL_08_style_a::S1,CORE_CELL_08_style_a,CELL_08,core,style_a,1,TASK_FRACTIONS_006,,2,status_risolto,LOW,HIGH,PRESENT,ABSENT,HIGH,HIGH,HIGH,INSUFFICIENT_EVIDENCE
OpenAI,CORE_CELL_08_style_a::S2,CORE_CELL_08_style_a,CELL_08,core,style_a,2,TASK_FRACTIONS_008,,5,status_risolto,LOW,HIGH,PRESENT,ABSENT,HIGH,HIGH,HIGH,INSUFFICIENT_EVIDENCE
OpenAI,CORE_CELL_08_style_a::S3,CORE_CELL_08_style_a,CELL_08,core,style_a,3,TASK_FRACTIONS_016,,3,status_risolto,LOW,LOW,PRESENT,ABSENT,HIGH,HIGH,HIGH,INSUFFICIENT_EVIDENCE
OpenAI,CORE_CELL_08_style_a::S4,CORE_CELL_08_style_a,CELL_08,core,style_a,4,TASK_FRACTIONS_029,,3,status_risolto,LOW,HIGH,PRESENT,ABSENT,HIGH,HIGH,HIGH,INSUFFICIENT_EVIDENCE
OpenAI,CORE_CELL_08_style_a::S5,CORE_CELL_08_style_a,CELL_08,core,style_a,5,TASK_FRACTIONS_024,,5,status_risolto,LOW,HIGH,PRESENT,ABSENT,HIGH,HIGH,HIGH,INSUFFICIENT_EVIDENCE
OpenAI,CORE_CELL_08_style_b::S1,CORE_CELL_08_style_b,CELL_08,core,style_b,1,TASK_FRACTIONS_011,,4,status_risolto,LOW,LOW,PRESENT,PRESENT,HIGH,HIGH,HIGH,INSUFFICIENT_EVIDENCE
OpenAI,CORE_CELL_08_style_b::S2,CORE_CELL_08_style_b,CELL_08,core,style_b,2,TASK_FRACTIONS_001,,2,status_risolto,LOW,LOW,PRESENT,ABSENT,HIGH,HIGH,HIGH,INSUFFICIENT_EVIDENCE
OpenAI,CORE_CELL_08_style_b::S3,CORE_CELL_08_style_b,CELL_08,core,style_b,3,TASK_FRACTIONS_012,,3,status_risolto,LOW,HIGH,PRESENT,ABSENT,HIGH,HIGH,HIGH,INSUFFICIENT_EVIDENCE
OpenAI,CORE_CELL_08_style_b::S4,CORE_CELL_08_style_b,CELL_08,core,style_b,4,TASK_FRACTIONS_021,,3,status_risolto,LOW,HIGH,PRESENT,ABSENT,HIGH,HIGH,HIGH,INSUFFICIENT_EVIDENCE
OpenAI,CORE_CELL_08_style_b::S5,CORE_CELL_08_style_b,CELL_08,core,style_b,5,TASK_FRACTIONS_005,,2,status_risolto,LOW,HIGH,PRESENT,ABSENT,HIGH,HIGH,HIGH,INSUFFICIENT_EVIDENCE
OpenAI,CORE_CELL_09_style_a::S1,CORE_CELL_09_style_a,CELL_09,core,style_a,1,TASK_FRACTIONS_002,,1,status_risolto,HIGH,HIGH,ABSENT,ABSENT,LOW,INSUFFICIENT_EVIDENCE,LOW,INSUFFICIENT_EVIDENCE
OpenAI,CORE_CELL_09_style_a::S2,CORE_CELL_09_style_a,CELL_09,core,style_a,2,TASK_FRACTIONS_022,,1,status_risolto,HIGH,HIGH,ABSENT,INSUFFICIENT_EVIDENCE,LOW,INSUFFICIENT_EVIDENCE,LOW,INSUFFICIENT_EVIDENCE
OpenAI,CORE_CELL_09_style_a::S3,CORE_CELL_09_style_a,CELL_09,core,style_a,3,TASK_FRACTIONS_015,,1,status_risolto,HIGH,HIGH,ABSENT,ABSENT,LOW,INSUFFICIENT_EVIDENCE,LOW,INSUFFICIENT_EVIDENCE
OpenAI,CORE_CELL_09_style_a::S4,CORE_CELL_09_style_a,CELL_09,core,style_a,4,TASK_FRACTIONS_012,,1,status_risolto,HIGH,LOW,ABSENT,INSUFFICIENT_EVIDENCE,LOW,INSUFFICIENT_EVIDENCE,LOW,INSUFFICIENT_EVIDENCE
OpenAI,CORE_CELL_09_style_a::S5,CORE_CELL_09_style_a,CELL_09,core,style_a,5,TASK_FRACTIONS_024,,1,status_risolto,HIGH,HIGH,ABSENT,ABSENT,LOW,INSUFFICIENT_EVIDENCE,LOW,INSUFFICIENT_EVIDENCE
OpenAI,CORE_CELL_09_style_b::S1,CORE_CELL_09_style_b,CELL_09,core,style_b,1,TASK_FRACTIONS_010,,1,status_risolto,HIGH,HIGH,ABSENT,ABSENT,LOW,INSUFFICIENT_EVIDENCE,LOW,INSUFFICIENT_EVIDENCE
OpenAI,CORE_CELL_09_style_b::S2,CORE_CELL_09_style_b,CELL_09,core,style_b,2,TASK_FRACTIONS_009,,1,status_risolto,HIGH,HIGH,ABSENT,ABSENT,LOW,INSUFFICIENT_EVIDENCE,LOW,INSUFFICIENT_EVIDENCE
OpenAI,CORE_CELL_09_style_b::S3,CORE_CELL_09_style_b,CELL_09,core,style_b,3,TASK_FRACTIONS_022,,1,status_risolto,HIGH,HIGH,ABSENT,ABSENT,LOW,INSUFFICIENT_EVIDENCE,LOW,INSUFFICIENT_EVIDENCE
OpenAI,CORE_CELL_09_style_b::S4,CORE_CELL_09_style_b,CELL_09,core,style_b,4,TASK_FRACTIONS_007,,1,status_risolto,HIGH,HIGH,ABSENT,ABSENT,LOW,INSUFFICIENT_EVIDENCE,LOW,INSUFFICIENT_EVIDENCE
OpenAI,CORE_CELL_09_style_b::S5,CORE_CELL_09_style_b,CELL_09,core,style_b,5,TASK_FRACTIONS_004,,1,status_risolto,HIGH,HIGH,ABSENT,INSUFFICIENT_EVIDENCE,LOW,INSUFFICIENT_EVIDENCE,LOW,INSUFFICIENT_EVIDENCE
OpenAI,CORE_CELL_10_style_a::S1,CORE_CELL_10_style_a,CELL_10,core,style_a,1,TASK_FRACTIONS_016,,1,status_risolto,HIGH,HIGH,ABSENT,ABSENT,LOW,INSUFFICIENT_EVIDENCE,HIGH,INSUFFICIENT_EVIDENCE
OpenAI,CORE_CELL_10_style_a::S2,CORE_CELL_10_style_a,CELL_10,core,style_a,2,TASK_FRACTIONS_024,,1,status_risolto,HIGH,HIGH,ABSENT,ABSENT,LOW,INSUFFICIENT_EVIDENCE,HIGH,INSUFFICIENT_EVIDENCE
OpenAI,CORE_CELL_10_style_a::S3,CORE_CELL_10_style_a,CELL_10,core,style_a,3,TASK_FRACTIONS_008,,1,status_risolto,HIGH,HIGH,ABSENT,ABSENT,LOW,INSUFFICIENT_EVIDENCE,HIGH,INSUFFICIENT_EVIDENCE
OpenAI,CORE_CELL_10_style_a::S4,CORE_CELL_10_style_a,CELL_10,core,style_a,4,TASK_FRACTIONS_018,,1,status_risolto,HIGH,HIGH,ABSENT,ABSENT,LOW,INSUFFICIENT_EVIDENCE,HIGH,INSUFFICIENT_EVIDENCE
OpenAI,CORE_CELL_10_style_a::S5,CORE_CELL_10_style_a,CELL_10,core,style_a,5,TASK_FRACTIONS_029,,1,status_risolto,HIGH,HIGH,ABSENT,ABSENT,LOW,INSUFFICIENT_EVIDENCE,HIGH,INSUFFICIENT_EVIDENCE
OpenAI,CORE_CELL_10_style_b::S1,CORE_CELL_10_style_b,CELL_10,core,style_b,1,TASK_FRACTIONS_020,,1,status_risolto,HIGH,HIGH,ABSENT,ABSENT,LOW,INSUFFICIENT_EVIDENCE,HIGH,INSUFFICIENT_EVIDENCE
OpenAI,CORE_CELL_10_style_b::S2,CORE_CELL_10_style_b,CELL_10,core,style_b,2,TASK_FRACTIONS_013,,2,status_risolto,HIGH,LOW,ABSENT,ABSENT,LOW,HIGH,HIGH,INSUFFICIENT_EVIDENCE
OpenAI,CORE_CELL_10_style_b::S3,CORE_CELL_10_style_b,CELL_10,core,style_b,3,TASK_FRACTIONS_010,,1,status_risolto,HIGH,HIGH,ABSENT,ABSENT,LOW,INSUFFICIENT_EVIDENCE,HIGH,INSUFFICIENT_EVIDENCE
OpenAI,CORE_CELL_10_style_b::S4,CORE_CELL_10_style_b,CELL_10,core,style_b,4,TASK_FRACTIONS_019,,1,status_risolto,HIGH,HIGH,ABSENT,ABSENT,LOW,INSUFFICIENT_EVIDENCE,HIGH,INSUFFICIENT_EVIDENCE
OpenAI,CORE_CELL_10_style_b::S5,CORE_CELL_10_style_b,CELL_10,core,style_b,5,TASK_FRACTIONS_006,,1,status_risolto,HIGH,HIGH,ABSENT,ABSENT,LOW,INSUFFICIENT_EVIDENCE,HIGH,INSUFFICIENT_EVIDENCE
OpenAI,CORE_CELL_11_style_a::S1,CORE_CELL_11_style_a,CELL_11,core,style_a,1,TASK_FRACTIONS_019,,2,status_risolto,HIGH,HIGH,ABSENT,ABSENT,HIGH,HIGH,LOW,INSUFFICIENT_EVIDENCE
OpenAI,CORE_CELL_11_style_a::S2,CORE_CELL_11_style_a,CELL_11,core,style_a,2,TASK_FRACTIONS_020,,2,status_risolto,HIGH,HIGH,ABSENT,ABSENT,HIGH,HIGH,LOW,INSUFFICIENT_EVIDENCE
OpenAI,CORE_CELL_11_style_a::S3,CORE_CELL_11_style_a,CELL_11,core,style_a,3,TASK_FRACTIONS_022,,2,status_risolto,HIGH,HIGH,ABSENT,ABSENT,HIGH,HIGH,LOW,INSUFFICIENT_EVIDENCE
OpenAI,CORE_CELL_11_style_a::S4,CORE_CELL_11_style_a,CELL_11,core,style_a,4,TASK_FRACTIONS_028,,1,status_risolto,HIGH,HIGH,ABSENT,ABSENT,HIGH,INSUFFICIENT_EVIDENCE,LOW,INSUFFICIENT_EVIDENCE
OpenAI,CORE_CELL_11_style_a::S5,CORE_CELL_11_style_a,CELL_11,core,style_a,5,TASK_FRACTIONS_001,,1,status_risolto,HIGH,HIGH,ABSENT,ABSENT,HIGH,INSUFFICIENT_EVIDENCE,LOW,INSUFFICIENT_EVIDENCE
OpenAI,CORE_CELL_11_style_b::S1,CORE_CELL_11_style_b,CELL_11,core,style_b,1,TASK_FRACTIONS_002,,1,status_risolto,HIGH,HIGH,ABSENT,ABSENT,HIGH,INSUFFICIENT_EVIDENCE,LOW,INSUFFICIENT_EVIDENCE
OpenAI,CORE_CELL_11_style_b::S2,CORE_CELL_11_style_b,CELL_11,core,style_b,2,TASK_FRACTIONS_007,,1,status_risolto,HIGH,HIGH,ABSENT,ABSENT,HIGH,INSUFFICIENT_EVIDENCE,LOW,INSUFFICIENT_EVIDENCE
OpenAI,CORE_CELL_11_style_b::S3,CORE_CELL_11_style_b,CELL_11,core,style_b,3,TASK_FRACTIONS_012,,1,status_risolto,HIGH,HIGH,ABSENT,ABSENT,HIGH,HIGH,LOW,INSUFFICIENT_EVIDENCE
OpenAI,CORE_CELL_11_style_b::S4,CORE_CELL_11_style_b,CELL_11,core,style_b,4,TASK_FRACTIONS_005,,1,status_risolto,HIGH,HIGH,ABSENT,ABSENT,HIGH,INSUFFICIENT_EVIDENCE,LOW,INSUFFICIENT_EVIDENCE
OpenAI,CORE_CELL_11_style_b::S5,CORE_CELL_11_style_b,CELL_11,core,style_b,5,TASK_FRACTIONS_004,,1,status_risolto,HIGH,HIGH,ABSENT,ABSENT,HIGH,INSUFFICIENT_EVIDENCE,LOW,INSUFFICIENT_EVIDENCE
OpenAI,CORE_CELL_12_style_a::S1,CORE_CELL_12_style_a,CELL_12,core,style_a,1,TASK_FRACTIONS_005,,1,status_risolto,HIGH,HIGH,ABSENT,ABSENT,HIGH,INSUFFICIENT_EVIDENCE,HIGH,INSUFFICIENT_EVIDENCE
OpenAI,CORE_CELL_12_style_a::S2,CORE_CELL_12_style_a,CELL_12,core,style_a,2,TASK_FRACTIONS_029,,1,status_risolto,HIGH,HIGH,ABSENT,ABSENT,HIGH,INSUFFICIENT_EVIDENCE,HIGH,INSUFFICIENT_EVIDENCE
OpenAI,CORE_CELL_12_style_a::S3,CORE_CELL_12_style_a,CELL_12,core,style_a,3,TASK_FRACTIONS_014,,1,status_risolto,HIGH,HIGH,ABSENT,ABSENT,HIGH,INSUFFICIENT_EVIDENCE,HIGH,INSUFFICIENT_EVIDENCE
OpenAI,CORE_CELL_12_style_a::S4,CORE_CELL_12_style_a,CELL_12,core,style_a,4,TASK_FRACTIONS_007,,1,status_risolto,HIGH,HIGH,ABSENT,ABSENT,HIGH,INSUFFICIENT_EVIDENCE,HIGH,INSUFFICIENT_EVIDENCE
OpenAI,CORE_CELL_12_style_a::S5,CORE_CELL_12_style_a,CELL_12,core,style_a,5,TASK_FRACTIONS_025,,1,status_risolto,HIGH,HIGH,ABSENT,ABSENT,HIGH,INSUFFICIENT_EVIDENCE,HIGH,INSUFFICIENT_EVIDENCE
OpenAI,CORE_CELL_12_style_b::S1,CORE_CELL_12_style_b,CELL_12,core,style_b,1,TASK_FRACTIONS_018,,1,status_risolto,HIGH,HIGH,ABSENT,ABSENT,HIGH,INSUFFICIENT_EVIDENCE,HIGH,INSUFFICIENT_EVIDENCE
OpenAI,CORE_CELL_12_style_b::S2,CORE_CELL_12_style_b,CELL_12,core,style_b,2,TASK_FRACTIONS_026,,1,status_risolto,HIGH,HIGH,ABSENT,ABSENT,HIGH,INSUFFICIENT_EVIDENCE,HIGH,INSUFFICIENT_EVIDENCE
OpenAI,CORE_CELL_12_style_b::S3,CORE_CELL_12_style_b,CELL_12,core,style_b,3,TASK_FRACTIONS_029,,1,status_risolto,HIGH,HIGH,ABSENT,ABSENT,HIGH,INSUFFICIENT_EVIDENCE,HIGH,INSUFFICIENT_EVIDENCE
OpenAI,CORE_CELL_12_style_b::S4,CORE_CELL_12_style_b,CELL_12,core,style_b,4,TASK_FRACTIONS_002,,1,status_risolto,HIGH,HIGH,ABSENT,ABSENT,HIGH,INSUFFICIENT_EVIDENCE,HIGH,INSUFFICIENT_EVIDENCE
OpenAI,CORE_CELL_12_style_b::S5,CORE_CELL_12_style_b,CELL_12,core,style_b,5,TASK_FRACTIONS_007,,1,status_risolto,HIGH,HIGH,ABSENT,ABSENT,HIGH,INSUFFICIENT_EVIDENCE,HIGH,INSUFFICIENT_EVIDENCE
OpenAI,CORE_CELL_13_style_a::S1,CORE_CELL_13_style_a,CELL_13,core,style_a,1,TASK_FRACTIONS_017,,1,status_risolto,HIGH,LOW,PRESENT,INSUFFICIENT_EVIDENCE,LOW,INSUFFICIENT_EVIDENCE,LOW,INSUFFICIENT_EVIDENCE
OpenAI,CORE_CELL_13_style_a::S2,CORE_CELL_13_style_a,CELL_13,core,style_a,2,TASK_FRACTIONS_029,,1,status_risolto,HIGH,HIGH,PRESENT,ABSENT,LOW,INSUFFICIENT_EVIDENCE,LOW,INSUFFICIENT_EVIDENCE
OpenAI,CORE_CELL_13_style_a::S3,CORE_CELL_13_style_a,CELL_13,core,style_a,3,TASK_FRACTIONS_013,,1,status_risolto,HIGH,LOW,PRESENT,INSUFFICIENT_EVIDENCE,LOW,INSUFFICIENT_EVIDENCE,LOW,INSUFFICIENT_EVIDENCE
OpenAI,CORE_CELL_13_style_a::S4,CORE_CELL_13_style_a,CELL_13,core,style_a,4,TASK_FRACTIONS_022,,1,status_risolto,HIGH,HIGH,PRESENT,ABSENT,LOW,INSUFFICIENT_EVIDENCE,LOW,INSUFFICIENT_EVIDENCE
OpenAI,CORE_CELL_13_style_a::S5,CORE_CELL_13_style_a,CELL_13,core,style_a,5,TASK_FRACTIONS_030,,1,status_risolto,HIGH,HIGH,PRESENT,ABSENT,LOW,INSUFFICIENT_EVIDENCE,LOW,INSUFFICIENT_EVIDENCE
OpenAI,CORE_CELL_13_style_b::S1,CORE_CELL_13_style_b,CELL_13,core,style_b,1,TASK_FRACTIONS_009,,1,status_risolto,HIGH,LOW,PRESENT,PRESENT,LOW,INSUFFICIENT_EVIDENCE,LOW,INSUFFICIENT_EVIDENCE
OpenAI,CORE_CELL_13_style_b::S2,CORE_CELL_13_style_b,CELL_13,core,style_b,2,TASK_FRACTIONS_014,,1,status_risolto,HIGH,LOW,PRESENT,INSUFFICIENT_EVIDENCE,LOW,INSUFFICIENT_EVIDENCE,LOW,INSUFFICIENT_EVIDENCE
OpenAI,CORE_CELL_13_style_b::S3,CORE_CELL_13_style_b,CELL_13,core,style_b,3,TASK_FRACTIONS_030,,1,status_risolto,HIGH,HIGH,PRESENT,ABSENT,LOW,INSUFFICIENT_EVIDENCE,LOW,INSUFFICIENT_EVIDENCE
OpenAI,CORE_CELL_13_style_b::S4,CORE_CELL_13_style_b,CELL_13,core,style_b,4,TASK_FRACTIONS_027,,1,status_risolto,HIGH,HIGH,PRESENT,ABSENT,LOW,INSUFFICIENT_EVIDENCE,LOW,INSUFFICIENT_EVIDENCE
OpenAI,CORE_CELL_13_style_b::S5,CORE_CELL_13_style_b,CELL_13,core,style_b,5,TASK_FRACTIONS_023,,1,status_risolto,HIGH,HIGH,PRESENT,ABSENT,LOW,INSUFFICIENT_EVIDENCE,LOW,INSUFFICIENT_EVIDENCE
OpenAI,CORE_CELL_14_style_a::S1,CORE_CELL_14_style_a,CELL_14,core,style_a,1,TASK_FRACTIONS_008,,2,status_risolto,HIGH,LOW,PRESENT,ABSENT,LOW,HIGH,HIGH,INSUFFICIENT_EVIDENCE
OpenAI,CORE_CELL_14_style_a::S2,CORE_CELL_14_style_a,CELL_14,core,style_a,2,TASK_FRACTIONS_017,,1,status_risolto,HIGH,LOW,PRESENT,INSUFFICIENT_EVIDENCE,LOW,INSUFFICIENT_EVIDENCE,HIGH,INSUFFICIENT_EVIDENCE
OpenAI,CORE_CELL_14_style_a::S3,CORE_CELL_14_style_a,CELL_14,core,style_a,3,TASK_FRACTIONS_018,,1,status_risolto,HIGH,LOW,PRESENT,INSUFFICIENT_EVIDENCE,LOW,INSUFFICIENT_EVIDENCE,HIGH,INSUFFICIENT_EVIDENCE
OpenAI,CORE_CELL_14_style_a::S4,CORE_CELL_14_style_a,CELL_14,core,style_a,4,TASK_FRACTIONS_016,,3,status_risolto,HIGH,LOW,PRESENT,INSUFFICIENT_EVIDENCE,LOW,INSUFFICIENT_EVIDENCE,HIGH,INSUFFICIENT_EVIDENCE
OpenAI,CORE_CELL_14_style_a::S5,CORE_CELL_14_style_a,CELL_14,core,style_a,5,TASK_FRACTIONS_024,,1,status_risolto,HIGH,HIGH,PRESENT,ABSENT,LOW,INSUFFICIENT_EVIDENCE,HIGH,INSUFFICIENT_EVIDENCE
OpenAI,CORE_CELL_14_style_b::S1,CORE_CELL_14_style_b,CELL_14,core,style_b,1,TASK_FRACTIONS_010,,3,status_risolto,HIGH,LOW,PRESENT,ABSENT,LOW,LOW,HIGH,INSUFFICIENT_EVIDENCE
OpenAI,CORE_CELL_14_style_b::S2,CORE_CELL_14_style_b,CELL_14,core,style_b,2,TASK_FRACTIONS_011,,1,status_risolto,HIGH,LOW,PRESENT,INSUFFICIENT_EVIDENCE,LOW,INSUFFICIENT_EVIDENCE,HIGH,INSUFFICIENT_EVIDENCE
OpenAI,CORE_CELL_14_style_b::S3,CORE_CELL_14_style_b,CELL_14,core,style_b,3,TASK_FRACTIONS_028,,1,status_risolto,HIGH,HIGH,PRESENT,ABSENT,LOW,INSUFFICIENT_EVIDENCE,HIGH,INSUFFICIENT_EVIDENCE
OpenAI,CORE_CELL_14_style_b::S4,CORE_CELL_14_style_b,CELL_14,core,style_b,4,TASK_FRACTIONS_012,,1,status_risolto,HIGH,LOW,PRESENT,INSUFFICIENT_EVIDENCE,LOW,INSUFFICIENT_EVIDENCE,HIGH,INSUFFICIENT_EVIDENCE
OpenAI,CORE_CELL_14_style_b::S5,CORE_CELL_14_style_b,CELL_14,core,style_b,5,TASK_FRACTIONS_021,,1,status_risolto,HIGH,HIGH,PRESENT,ABSENT,LOW,INSUFFICIENT_EVIDENCE,HIGH,INSUFFICIENT_EVIDENCE
OpenAI,CORE_CELL_15_style_a::S1,CORE_CELL_15_style_a,CELL_15,core,style_a,1,TASK_FRACTIONS_029,,1,status_risolto,HIGH,HIGH,PRESENT,ABSENT,HIGH,INSUFFICIENT_EVIDENCE,LOW,INSUFFICIENT_EVIDENCE
OpenAI,CORE_CELL_15_style_a::S2,CORE_CELL_15_style_a,CELL_15,core,style_a,2,TASK_FRACTIONS_022,,1,status_risolto,HIGH,HIGH,PRESENT,ABSENT,HIGH,INSUFFICIENT_EVIDENCE,LOW,INSUFFICIENT_EVIDENCE
OpenAI,CORE_CELL_15_style_a::S3,CORE_CELL_15_style_a,CELL_15,core,style_a,3,TASK_FRACTIONS_011,,2,status_risolto,HIGH,LOW,PRESENT,ABSENT,HIGH,HIGH,LOW,INSUFFICIENT_EVIDENCE
OpenAI,CORE_CELL_15_style_a::S4,CORE_CELL_15_style_a,CELL_15,core,style_a,4,TASK_FRACTIONS_016,,2,status_risolto,HIGH,HIGH,PRESENT,ABSENT,HIGH,HIGH,LOW,INSUFFICIENT_EVIDENCE
OpenAI,CORE_CELL_15_style_a::S5,CORE_CELL_15_style_a,CELL_15,core,style_a,5,TASK_FRACTIONS_025,,1,status_risolto,HIGH,HIGH,PRESENT,ABSENT,HIGH,INSUFFICIENT_EVIDENCE,LOW,INSUFFICIENT_EVIDENCE
OpenAI,CORE_CELL_15_style_b::S1,CORE_CELL_15_style_b,CELL_15,core,style_b,1,TASK_FRACTIONS_026,,1,status_risolto,HIGH,HIGH,PRESENT,ABSENT,HIGH,INSUFFICIENT_EVIDENCE,LOW,INSUFFICIENT_EVIDENCE
OpenAI,CORE_CELL_15_style_b::S2,CORE_CELL_15_style_b,CELL_15,core,style_b,2,TASK_FRACTIONS_005,,1,status_risolto,HIGH,HIGH,PRESENT,ABSENT,HIGH,INSUFFICIENT_EVIDENCE,LOW,INSUFFICIENT_EVIDENCE
OpenAI,CORE_CELL_15_style_b::S3,CORE_CELL_15_style_b,CELL_15,core,style_b,3,TASK_FRACTIONS_007,,3,status_risolto,HIGH,LOW,PRESENT,ABSENT,HIGH,HIGH,LOW,INSUFFICIENT_EVIDENCE
OpenAI,CORE_CELL_15_style_b::S4,CORE_CELL_15_style_b,CELL_15,core,style_b,4,TASK_FRACTIONS_011,,2,status_risolto,HIGH,LOW,PRESENT,ABSENT,HIGH,HIGH,LOW,INSUFFICIENT_EVIDENCE
OpenAI,CORE_CELL_15_style_b::S5,CORE_CELL_15_style_b,CELL_15,core,style_b,5,TASK_FRACTIONS_002,,1,status_risolto,HIGH,HIGH,PRESENT,ABSENT,HIGH,INSUFFICIENT_EVIDENCE,LOW,INSUFFICIENT_EVIDENCE
OpenAI,CORE_CELL_16_style_a::S1,CORE_CELL_16_style_a,CELL_16,core,style_a,1,TASK_FRACTIONS_025,,1,status_risolto,HIGH,HIGH,PRESENT,ABSENT,HIGH,INSUFFICIENT_EVIDENCE,HIGH,INSUFFICIENT_EVIDENCE
OpenAI,CORE_CELL_16_style_a::S2,CORE_CELL_16_style_a,CELL_16,core,style_a,2,TASK_FRACTIONS_016,,3,status_risolto,HIGH,LOW,PRESENT,ABSENT,HIGH,HIGH,HIGH,INSUFFICIENT_EVIDENCE
OpenAI,CORE_CELL_16_style_a::S3,CORE_CELL_16_style_a,CELL_16,core,style_a,3,TASK_FRACTIONS_003,,1,status_risolto,HIGH,HIGH,PRESENT,ABSENT,HIGH,INSUFFICIENT_EVIDENCE,HIGH,INSUFFICIENT_EVIDENCE
OpenAI,CORE_CELL_16_style_a::S4,CORE_CELL_16_style_a,CELL_16,core,style_a,4,TASK_FRACTIONS_008,,2,status_risolto,HIGH,HIGH,PRESENT,ABSENT,HIGH,HIGH,HIGH,INSUFFICIENT_EVIDENCE
OpenAI,CORE_CELL_16_style_a::S5,CORE_CELL_16_style_a,CELL_16,core,style_a,5,TASK_FRACTIONS_002,,1,status_risolto,HIGH,HIGH,PRESENT,ABSENT,HIGH,INSUFFICIENT_EVIDENCE,HIGH,INSUFFICIENT_EVIDENCE
OpenAI,CORE_CELL_16_style_b::S1,CORE_CELL_16_style_b,CELL_16,core,style_b,1,TASK_FRACTIONS_011,,2,status_risolto,HIGH,LOW,PRESENT,PRESENT,HIGH,LOW,HIGH,INSUFFICIENT_EVIDENCE
OpenAI,CORE_CELL_16_style_b::S2,CORE_CELL_16_style_b,CELL_16,core,style_b,2,TASK_FRACTIONS_001,,1,status_risolto,HIGH,HIGH,PRESENT,ABSENT,HIGH,INSUFFICIENT_EVIDENCE,HIGH,INSUFFICIENT_EVIDENCE
OpenAI,CORE_CELL_16_style_b::S3,CORE_CELL_16_style_b,CELL_16,core,style_b,3,TASK_FRACTIONS_012,,1,status_risolto,HIGH,LOW,PRESENT,INSUFFICIENT_EVIDENCE,HIGH,INSUFFICIENT_EVIDENCE,HIGH,INSUFFICIENT_EVIDENCE
OpenAI,CORE_CELL_16_style_b::S4,CORE_CELL_16_style_b,CELL_16,core,style_b,4,TASK_FRACTIONS_021,,1,status_risolto,HIGH,HIGH,PRESENT,ABSENT,HIGH,INSUFFICIENT_EVIDENCE,HIGH,INSUFFICIENT_EVIDENCE
OpenAI,CORE_CELL_16_style_b::S5,CORE_CELL_16_style_b,CELL_16,core,style_b,5,TASK_FRACTIONS_005,,1,status_risolto,HIGH,HIGH,PRESENT,ABSENT,HIGH,INSUFFICIENT_EVIDENCE,HIGH,INSUFFICIENT_EVIDENCE
OpenAI,NP_NP1_style_a::S1,NP_NP1_style_a,CELL_03,numerical_processing,style_a,1,TASK_FRACTIONS_030,,3,status_risolto,LOW,HIGH,ABSENT,ABSENT,HIGH,HIGH,LOW,INSUFFICIENT_EVIDENCE
OpenAI,NP_NP1_style_a::S2,NP_NP1_style_a,CELL_03,numerical_processing,style_a,2,TASK_FRACTIONS_006,,2,status_risolto,LOW,HIGH,ABSENT,ABSENT,HIGH,HIGH,LOW,INSUFFICIENT_EVIDENCE
OpenAI,NP_NP1_style_a::S3,NP_NP1_style_a,CELL_03,numerical_processing,style_a,3,TASK_FRACTIONS_014,,3,status_risolto,LOW,HIGH,ABSENT,ABSENT,HIGH,HIGH,LOW,INSUFFICIENT_EVIDENCE
OpenAI,NP_NP1_style_a::S4,NP_NP1_style_a,CELL_03,numerical_processing,style_a,4,TASK_FRACTIONS_013,,2,status_risolto,LOW,HIGH,ABSENT,ABSENT,HIGH,HIGH,LOW,INSUFFICIENT_EVIDENCE
OpenAI,NP_NP1_style_a::S5,NP_NP1_style_a,CELL_03,numerical_processing,style_a,5,TASK_FRACTIONS_027,,2,status_risolto,LOW,HIGH,ABSENT,ABSENT,HIGH,HIGH,LOW,INSUFFICIENT_EVIDENCE
OpenAI,NP_NP2_style_b::S1,NP_NP2_style_b,CELL_10,numerical_processing,style_b,1,TASK_FRACTIONS_010,,1,status_risolto,HIGH,HIGH,ABSENT,ABSENT,LOW,INSUFFICIENT_EVIDENCE,HIGH,INSUFFICIENT_EVIDENCE
OpenAI,NP_NP2_style_b::S2,NP_NP2_style_b,CELL_10,numerical_processing,style_b,2,TASK_FRACTIONS_011,,1,status_risolto,HIGH,HIGH,ABSENT,ABSENT,LOW,INSUFFICIENT_EVIDENCE,HIGH,INSUFFICIENT_EVIDENCE
OpenAI,NP_NP2_style_b::S3,NP_NP2_style_b,CELL_10,numerical_processing,style_b,3,TASK_FRACTIONS_028,,1,status_risolto,HIGH,HIGH,ABSENT,ABSENT,LOW,INSUFFICIENT_EVIDENCE,HIGH,INSUFFICIENT_EVIDENCE
OpenAI,NP_NP2_style_b::S4,NP_NP2_style_b,CELL_10,numerical_processing,style_b,4,TASK_FRACTIONS_012,,1,status_risolto,HIGH,HIGH,ABSENT,ABSENT,LOW,INSUFFICIENT_EVIDENCE,HIGH,INSUFFICIENT_EVIDENCE
OpenAI,NP_NP2_style_b::S5,NP_NP2_style_b,CELL_10,numerical_processing,style_b,5,TASK_FRACTIONS_021,,1,status_risolto,HIGH,HIGH,ABSENT,INSUFFICIENT_EVIDENCE,LOW,INSUFFICIENT_EVIDENCE,HIGH,INSUFFICIENT_EVIDENCE
OpenAI,NP_NP3_style_b::S1,NP_NP3_style_b,CELL_05,numerical_processing,style_b,1,TASK_FRACTIONS_003,,2,status_risolto,LOW,HIGH,PRESENT,ABSENT,LOW,HIGH,LOW,INSUFFICIENT_EVIDENCE
OpenAI,NP_NP3_style_b::S2,NP_NP3_style_b,CELL_05,numerical_processing,style_b,2,TASK_FRACTIONS_002,,1,status_risolto,LOW,LOW,PRESENT,INSUFFICIENT_EVIDENCE,LOW,INSUFFICIENT_EVIDENCE,LOW,INSUFFICIENT_EVIDENCE
OpenAI,NP_NP3_style_b::S3,NP_NP3_style_b,CELL_05,numerical_processing,style_b,3,TASK_FRACTIONS_025,,1,status_risolto,LOW,HIGH,PRESENT,INSUFFICIENT_EVIDENCE,LOW,INSUFFICIENT_EVIDENCE,LOW,INSUFFICIENT_EVIDENCE
OpenAI,NP_NP3_style_b::S4,NP_NP3_style_b,CELL_05,numerical_processing,style_b,4,TASK_FRACTIONS_017,,4,status_risolto,LOW,LOW,PRESENT,PRESENT,LOW,HIGH,LOW,INSUFFICIENT_EVIDENCE
OpenAI,NP_NP3_style_b::S5,NP_NP3_style_b,CELL_05,numerical_processing,style_b,5,TASK_FRACTIONS_026,,1,status_risolto,LOW,HIGH,PRESENT,ABSENT,LOW,INSUFFICIENT_EVIDENCE,LOW,INSUFFICIENT_EVIDENCE
OpenAI,NP_NP4_style_a::S1,NP_NP4_style_a,CELL_16,numerical_processing,style_a,1,TASK_FRACTIONS_008,,3,status_risolto,HIGH,HIGH,PRESENT,ABSENT,HIGH,HIGH,HIGH,INSUFFICIENT_EVIDENCE
OpenAI,NP_NP4_style_a::S2,NP_NP4_style_a,CELL_16,numerical_processing,style_a,2,TASK_FRACTIONS_018,,2,status_risolto,HIGH,LOW,PRESENT,ABSENT,HIGH,HIGH,HIGH,INSUFFICIENT_EVIDENCE
OpenAI,NP_NP4_style_a::S3,NP_NP4_style_a,CELL_16,numerical_processing,style_a,3,TASK_FRACTIONS_029,,1,status_risolto,HIGH,HIGH,PRESENT,ABSENT,HIGH,INSUFFICIENT_EVIDENCE,HIGH,INSUFFICIENT_EVIDENCE
OpenAI,NP_NP4_style_a::S4,NP_NP4_style_a,CELL_16,numerical_processing,style_a,4,TASK_FRACTIONS_024,,2,status_risolto,HIGH,LOW,PRESENT,ABSENT,HIGH,HIGH,HIGH,INSUFFICIENT_EVIDENCE
OpenAI,NP_NP4_style_a::S5,NP_NP4_style_a,CELL_16,numerical_processing,style_a,5,TASK_FRACTIONS_016,,2,status_risolto,HIGH,LOW,PRESENT,ABSENT,HIGH,HIGH,HIGH,INSUFFICIENT_EVIDENCE
Claude Mainstream,CHVAR_CH01_CORE_CELL_01_style_a::S1,CHVAR_CH01_CORE_CELL_01_style_a,CELL_01,channel_variant,style_a,1,TASK_FRACTIONS_018,CORE_CELL_01_style_a,4,status_risolto,LOW,HIGH,ABSENT,ABSENT,LOW,HIGH,LOW,INSUFFICIENT_EVIDENCE
Claude Mainstream,CHVAR_CH01_CORE_CELL_01_style_a::S2,CHVAR_CH01_CORE_CELL_01_style_a,CELL_01,channel_variant,style_a,2,TASK_FRACTIONS_023,CORE_CELL_01_style_a,12,max_learner_turns_reached,LOW,HIGH,ABSENT,ABSENT,LOW,HIGH,LOW,INSUFFICIENT_EVIDENCE
Claude Mainstream,CHVAR_CH01_CORE_CELL_01_style_a::S3,CHVAR_CH01_CORE_CELL_01_style_a,CELL_01,channel_variant,style_a,3,TASK_FRACTIONS_009,CORE_CELL_01_style_a,9,status_risolto,LOW,HIGH,ABSENT,ABSENT,LOW,HIGH,LOW,INSUFFICIENT_EVIDENCE
Claude Mainstream,CHVAR_CH01_CORE_CELL_01_style_a::S4,CHVAR_CH01_CORE_CELL_01_style_a,CELL_01,channel_variant,style_a,4,TASK_FRACTIONS_003,CORE_CELL_01_style_a,3,status_risolto,LOW,HIGH,ABSENT,ABSENT,LOW,HIGH,LOW,INSUFFICIENT_EVIDENCE
Claude Mainstream,CHVAR_CH01_CORE_CELL_01_style_a::S5,CHVAR_CH01_CORE_CELL_01_style_a,CELL_01,channel_variant,style_a,5,TASK_FRACTIONS_015,CORE_CELL_01_style_a,12,max_learner_turns_reached,LOW,HIGH,ABSENT,ABSENT,LOW,HIGH,LOW,INSUFFICIENT_EVIDENCE
Claude Mainstream,CHVAR_CH02_CORE_CELL_13_style_b::S1,CHVAR_CH02_CORE_CELL_13_style_b,CELL_13,channel_variant,style_b,1,TASK_FRACTIONS_009,CORE_CELL_13_style_b,4,status_risolto,HIGH,HIGH,PRESENT,PRESENT,LOW,INSUFFICIENT_EVIDENCE,LOW,INSUFFICIENT_EVIDENCE
Claude Mainstream,CHVAR_CH02_CORE_CELL_13_style_b::S2,CHVAR_CH02_CORE_CELL_13_style_b,CELL_13,channel_variant,style_b,2,TASK_FRACTIONS_014,CORE_CELL_13_style_b,5,status_risolto,HIGH,LOW,PRESENT,PRESENT,LOW,LOW,LOW,INSUFFICIENT_EVIDENCE
Claude Mainstream,CHVAR_CH02_CORE_CELL_13_style_b::S3,CHVAR_CH02_CORE_CELL_13_style_b,CELL_13,channel_variant,style_b,3,TASK_FRACTIONS_030,CORE_CELL_13_style_b,1,status_risolto,HIGH,HIGH,PRESENT,ABSENT,LOW,INSUFFICIENT_EVIDENCE,LOW,INSUFFICIENT_EVIDENCE
Claude Mainstream,CHVAR_CH02_CORE_CELL_13_style_b::S4,CHVAR_CH02_CORE_CELL_13_style_b,CELL_13,channel_variant,style_b,4,TASK_FRACTIONS_027,CORE_CELL_13_style_b,4,status_risolto,HIGH,HIGH,PRESENT,ABSENT,LOW,HIGH,LOW,INSUFFICIENT_EVIDENCE
Claude Mainstream,CHVAR_CH02_CORE_CELL_13_style_b::S5,CHVAR_CH02_CORE_CELL_13_style_b,CELL_13,channel_variant,style_b,5,TASK_FRACTIONS_023,CORE_CELL_13_style_b,3,status_risolto,HIGH,HIGH,PRESENT,ABSENT,LOW,INSUFFICIENT_EVIDENCE,LOW,HIGH
Claude Mainstream,CHVAR_CH03_CORE_CELL_11_style_a::S1,CHVAR_CH03_CORE_CELL_11_style_a,CELL_11,channel_variant,style_a,1,TASK_FRACTIONS_019,CORE_CELL_11_style_a,3,status_risolto,HIGH,HIGH,ABSENT,ABSENT,HIGH,HIGH,LOW,HIGH
Claude Mainstream,CHVAR_CH03_CORE_CELL_11_style_a::S2,CHVAR_CH03_CORE_CELL_11_style_a,CELL_11,channel_variant,style_a,2,TASK_FRACTIONS_020,CORE_CELL_11_style_a,3,status_risolto,HIGH,HIGH,ABSENT,INSUFFICIENT_EVIDENCE,HIGH,INSUFFICIENT_EVIDENCE,LOW,INSUFFICIENT_EVIDENCE
Claude Mainstream,CHVAR_CH03_CORE_CELL_11_style_a::S3,CHVAR_CH03_CORE_CELL_11_style_a,CELL_11,channel_variant,style_a,3,TASK_FRACTIONS_022,CORE_CELL_11_style_a,12,max_learner_turns_reached,HIGH,HIGH,ABSENT,ABSENT,HIGH,HIGH,LOW,HIGH
Claude Mainstream,CHVAR_CH03_CORE_CELL_11_style_a::S4,CHVAR_CH03_CORE_CELL_11_style_a,CELL_11,channel_variant,style_a,4,TASK_FRACTIONS_028,CORE_CELL_11_style_a,3,status_risolto,HIGH,HIGH,ABSENT,ABSENT,HIGH,HIGH,LOW,INSUFFICIENT_EVIDENCE
Claude Mainstream,CHVAR_CH03_CORE_CELL_11_style_a::S5,CHVAR_CH03_CORE_CELL_11_style_a,CELL_11,channel_variant,style_a,5,TASK_FRACTIONS_001,CORE_CELL_11_style_a,12,max_learner_turns_reached,HIGH,HIGH,ABSENT,ABSENT,HIGH,HIGH,LOW,INSUFFICIENT_EVIDENCE
Claude Mainstream,CHVAR_CH04_CORE_CELL_10_style_b::S1,CHVAR_CH04_CORE_CELL_10_style_b,CELL_10,channel_variant,style_b,1,TASK_FRACTIONS_020,CORE_CELL_10_style_b,6,status_risolto,HIGH,HIGH,ABSENT,ABSENT,LOW,INSUFFICIENT_EVIDENCE,HIGH,INSUFFICIENT_EVIDENCE
Claude Mainstream,CHVAR_CH04_CORE_CELL_10_style_b::S2,CHVAR_CH04_CORE_CELL_10_style_b,CELL_10,channel_variant,style_b,2,TASK_FRACTIONS_013,CORE_CELL_10_style_b,4,status_risolto,HIGH,HIGH,ABSENT,ABSENT,LOW,HIGH,HIGH,INSUFFICIENT_EVIDENCE
Claude Mainstream,CHVAR_CH04_CORE_CELL_10_style_b::S3,CHVAR_CH04_CORE_CELL_10_style_b,CELL_10,channel_variant,style_b,3,TASK_FRACTIONS_010,CORE_CELL_10_style_b,12,max_learner_turns_reached,HIGH,HIGH,ABSENT,ABSENT,LOW,INSUFFICIENT_EVIDENCE,HIGH,HIGH
Claude Mainstream,CHVAR_CH04_CORE_CELL_10_style_b::S4,CHVAR_CH04_CORE_CELL_10_style_b,CELL_10,channel_variant,style_b,4,TASK_FRACTIONS_019,CORE_CELL_10_style_b,6,status_risolto,HIGH,HIGH,ABSENT,ABSENT,LOW,INSUFFICIENT_EVIDENCE,HIGH,HIGH
Claude Mainstream,CHVAR_CH04_CORE_CELL_10_style_b::S5,CHVAR_CH04_CORE_CELL_10_style_b,CELL_10,channel_variant,style_b,5,TASK_FRACTIONS_006,CORE_CELL_10_style_b,3,status_risolto,HIGH,HIGH,ABSENT,ABSENT,LOW,HIGH,HIGH,INSUFFICIENT_EVIDENCE
Claude Mainstream,CHVAR_CH05_CORE_CELL_07_style_a::S1,CHVAR_CH05_CORE_CELL_07_style_a,CELL_07,channel_variant,style_a,1,TASK_FRACTIONS_030,CORE_CELL_07_style_a,5,status_risolto,LOW,HIGH,PRESENT,ABSENT,HIGH,HIGH,LOW,INSUFFICIENT_EVIDENCE
Claude Mainstream,CHVAR_CH05_CORE_CELL_07_style_a::S2,CHVAR_CH05_CORE_CELL_07_style_a,CELL_07,channel_variant,style_a,2,TASK_FRACTIONS_006,CORE_CELL_07_style_a,12,max_learner_turns_reached,LOW,HIGH,PRESENT,ABSENT,HIGH,HIGH,LOW,HIGH
Claude Mainstream,CHVAR_CH05_CORE_CELL_07_style_a::S3,CHVAR_CH05_CORE_CELL_07_style_a,CELL_07,channel_variant,style_a,3,TASK_FRACTIONS_014,CORE_CELL_07_style_a,12,max_learner_turns_reached,LOW,HIGH,PRESENT,PRESENT,HIGH,HIGH,LOW,HIGH
Claude Mainstream,CHVAR_CH05_CORE_CELL_07_style_a::S4,CHVAR_CH05_CORE_CELL_07_style_a,CELL_07,channel_variant,style_a,4,TASK_FRACTIONS_013,CORE_CELL_07_style_a,12,max_learner_turns_reached,LOW,HIGH,PRESENT,ABSENT,HIGH,HIGH,LOW,HIGH
Claude Mainstream,CHVAR_CH05_CORE_CELL_07_style_a::S5,CHVAR_CH05_CORE_CELL_07_style_a,CELL_07,channel_variant,style_a,5,TASK_FRACTIONS_027,CORE_CELL_07_style_a,12,max_learner_turns_reached,LOW,HIGH,PRESENT,ABSENT,HIGH,HIGH,LOW,INSUFFICIENT_EVIDENCE
Claude Mainstream,CHVAR_CH06_CORE_CELL_06_style_b::S1,CHVAR_CH06_CORE_CELL_06_style_b,CELL_06,channel_variant,style_b,1,TASK_FRACTIONS_015,CORE_CELL_06_style_b,5,status_risolto,LOW,LOW,PRESENT,PRESENT,LOW,INSUFFICIENT_EVIDENCE,HIGH,INSUFFICIENT_EVIDENCE
Claude Mainstream,CHVAR_CH06_CORE_CELL_06_style_b::S2,CHVAR_CH06_CORE_CELL_06_style_b,CELL_06,channel_variant,style_b,2,TASK_FRACTIONS_019,CORE_CELL_06_style_b,9,status_risolto,LOW,HIGH,PRESENT,ABSENT,LOW,HIGH,HIGH,HIGH
Claude Mainstream,CHVAR_CH06_CORE_CELL_06_style_b::S3,CHVAR_CH06_CORE_CELL_06_style_b,CELL_06,channel_variant,style_b,3,TASK_FRACTIONS_005,CORE_CELL_06_style_b,12,max_learner_turns_reached,LOW,HIGH,PRESENT,PRESENT,LOW,HIGH,HIGH,INSUFFICIENT_EVIDENCE
Claude Mainstream,CHVAR_CH06_CORE_CELL_06_style_b::S4,CHVAR_CH06_CORE_CELL_06_style_b,CELL_06,channel_variant,style_b,4,TASK_FRACTIONS_026,CORE_CELL_06_style_b,12,max_learner_turns_reached,LOW,LOW,PRESENT,PRESENT,LOW,HIGH,HIGH,INSUFFICIENT_EVIDENCE
Claude Mainstream,CHVAR_CH06_CORE_CELL_06_style_b::S5,CHVAR_CH06_CORE_CELL_06_style_b,CELL_06,channel_variant,style_b,5,TASK_FRACTIONS_020,CORE_CELL_06_style_b,5,status_risolto,LOW,HIGH,PRESENT,ABSENT,LOW,HIGH,HIGH,INSUFFICIENT_EVIDENCE
Claude Mainstream,CHVAR_CH07_CORE_CELL_04_style_a::S1,CHVAR_CH07_CORE_CELL_04_style_a,CELL_04,channel_variant,style_a,1,TASK_FRACTIONS_028,CORE_CELL_04_style_a,6,status_risolto,LOW,HIGH,ABSENT,ABSENT,HIGH,HIGH,HIGH,INSUFFICIENT_EVIDENCE
Claude Mainstream,CHVAR_CH07_CORE_CELL_04_style_a::S2,CHVAR_CH07_CORE_CELL_04_style_a,CELL_04,channel_variant,style_a,2,TASK_FRACTIONS_025,CORE_CELL_04_style_a,2,status_risolto,LOW,HIGH,ABSENT,ABSENT,HIGH,HIGH,HIGH,INSUFFICIENT_EVIDENCE
Claude Mainstream,CHVAR_CH07_CORE_CELL_04_style_a::S3,CHVAR_CH07_CORE_CELL_04_style_a,CELL_04,channel_variant,style_a,3,TASK_FRACTIONS_004,CORE_CELL_04_style_a,6,status_risolto,LOW,HIGH,ABSENT,ABSENT,HIGH,HIGH,HIGH,INSUFFICIENT_EVIDENCE
Claude Mainstream,CHVAR_CH07_CORE_CELL_04_style_a::S4,CHVAR_CH07_CORE_CELL_04_style_a,CELL_04,channel_variant,style_a,4,TASK_FRACTIONS_001,CORE_CELL_04_style_a,12,max_learner_turns_reached,LOW,HIGH,ABSENT,ABSENT,HIGH,HIGH,HIGH,INSUFFICIENT_EVIDENCE
Claude Mainstream,CHVAR_CH07_CORE_CELL_04_style_a::S5,CHVAR_CH07_CORE_CELL_04_style_a,CELL_04,channel_variant,style_a,5,TASK_FRACTIONS_015,CORE_CELL_04_style_a,12,max_learner_turns_reached,LOW,HIGH,ABSENT,ABSENT,HIGH,HIGH,HIGH,INSUFFICIENT_EVIDENCE
Claude Mainstream,CHVAR_CH08_CORE_CELL_16_style_b::S1,CHVAR_CH08_CORE_CELL_16_style_b,CELL_16,channel_variant,style_b,1,TASK_FRACTIONS_011,CORE_CELL_16_style_b,7,status_risolto,HIGH,HIGH,PRESENT,PRESENT,HIGH,HIGH,HIGH,INSUFFICIENT_EVIDENCE
Claude Mainstream,CHVAR_CH08_CORE_CELL_16_style_b::S2,CHVAR_CH08_CORE_CELL_16_style_b,CELL_16,channel_variant,style_b,2,TASK_FRACTIONS_001,CORE_CELL_16_style_b,5,status_risolto,HIGH,HIGH,PRESENT,ABSENT,HIGH,HIGH,HIGH,HIGH
Claude Mainstream,CHVAR_CH08_CORE_CELL_16_style_b::S3,CHVAR_CH08_CORE_CELL_16_style_b,CELL_16,channel_variant,style_b,3,TASK_FRACTIONS_012,CORE_CELL_16_style_b,3,status_risolto,HIGH,HIGH,PRESENT,ABSENT,HIGH,HIGH,HIGH,INSUFFICIENT_EVIDENCE
Claude Mainstream,CHVAR_CH08_CORE_CELL_16_style_b::S4,CHVAR_CH08_CORE_CELL_16_style_b,CELL_16,channel_variant,style_b,4,TASK_FRACTIONS_021,CORE_CELL_16_style_b,5,status_risolto,HIGH,HIGH,PRESENT,ABSENT,HIGH,HIGH,HIGH,INSUFFICIENT_EVIDENCE
Claude Mainstream,CHVAR_CH08_CORE_CELL_16_style_b::S5,CHVAR_CH08_CORE_CELL_16_style_b,CELL_16,channel_variant,style_b,5,TASK_FRACTIONS_005,CORE_CELL_16_style_b,3,status_risolto,HIGH,HIGH,PRESENT,ABSENT,HIGH,INSUFFICIENT_EVIDENCE,HIGH,HIGH
Claude Mainstream,CORE_CELL_01_style_a::S1,CORE_CELL_01_style_a,CELL_01,core,style_a,1,TASK_FRACTIONS_018,,5,status_risolto,LOW,HIGH,ABSENT,ABSENT,LOW,HIGH,LOW,INSUFFICIENT_EVIDENCE
Claude Mainstream,CORE_CELL_01_style_a::S2,CORE_CELL_01_style_a,CELL_01,core,style_a,2,TASK_FRACTIONS_023,,5,status_risolto,LOW,HIGH,ABSENT,ABSENT,LOW,HIGH,LOW,INSUFFICIENT_EVIDENCE
Claude Mainstream,CORE_CELL_01_style_a::S3,CORE_CELL_01_style_a,CELL_01,core,style_a,3,TASK_FRACTIONS_009,,6,status_risolto,LOW,HIGH,ABSENT,ABSENT,LOW,HIGH,LOW,INSUFFICIENT_EVIDENCE
Claude Mainstream,CORE_CELL_01_style_a::S4,CORE_CELL_01_style_a,CELL_01,core,style_a,4,TASK_FRACTIONS_003,,3,status_risolto,LOW,HIGH,ABSENT,ABSENT,LOW,HIGH,LOW,INSUFFICIENT_EVIDENCE
Claude Mainstream,CORE_CELL_01_style_a::S5,CORE_CELL_01_style_a,CELL_01,core,style_a,5,TASK_FRACTIONS_015,,12,max_learner_turns_reached,LOW,HIGH,ABSENT,ABSENT,LOW,HIGH,LOW,INSUFFICIENT_EVIDENCE
Claude Mainstream,CORE_CELL_01_style_b::S1,CORE_CELL_01_style_b,CELL_01,core,style_b,1,TASK_FRACTIONS_002,,12,max_learner_turns_reached,LOW,HIGH,ABSENT,ABSENT,LOW,HIGH,LOW,HIGH
Claude Mainstream,CORE_CELL_01_style_b::S2,CORE_CELL_01_style_b,CELL_01,core,style_b,2,TASK_FRACTIONS_027,,12,status_risolto,LOW,HIGH,ABSENT,ABSENT,LOW,HIGH,LOW,HIGH
Claude Mainstream,CORE_CELL_01_style_b::S3,CORE_CELL_01_style_b,CELL_01,core,style_b,3,TASK_FRACTIONS_004,,8,status_risolto,LOW,HIGH,ABSENT,ABSENT,LOW,HIGH,LOW,INSUFFICIENT_EVIDENCE
Claude Mainstream,CORE_CELL_01_style_b::S4,CORE_CELL_01_style_b,CELL_01,core,style_b,4,TASK_FRACTIONS_017,,5,status_risolto,LOW,LOW,ABSENT,PRESENT,LOW,HIGH,LOW,INSUFFICIENT_EVIDENCE
Claude Mainstream,CORE_CELL_01_style_b::S5,CORE_CELL_01_style_b,CELL_01,core,style_b,5,TASK_FRACTIONS_008,,12,max_learner_turns_reached,LOW,LOW,ABSENT,ABSENT,LOW,HIGH,LOW,HIGH
Claude Mainstream,CORE_CELL_02_style_a::S1,CORE_CELL_02_style_a,CELL_02,core,style_a,1,TASK_FRACTIONS_023,,8,status_risolto,LOW,HIGH,ABSENT,ABSENT,LOW,HIGH,HIGH,HIGH
Claude Mainstream,CORE_CELL_02_style_a::S2,CORE_CELL_02_style_a,CELL_02,core,style_a,2,TASK_FRACTIONS_024,,12,status_risolto,LOW,HIGH,ABSENT,ABSENT,LOW,HIGH,HIGH,HIGH
Claude Mainstream,CORE_CELL_02_style_a::S3,CORE_CELL_02_style_a,CELL_02,core,style_a,3,TASK_FRACTIONS_015,,6,status_risolto,LOW,HIGH,ABSENT,ABSENT,LOW,HIGH,HIGH,INSUFFICIENT_EVIDENCE
Claude Mainstream,CORE_CELL_02_style_a::S4,CORE_CELL_02_style_a,CELL_02,core,style_a,4,TASK_FRACTIONS_009,,4,status_risolto,LOW,HIGH,ABSENT,ABSENT,LOW,HIGH,HIGH,INSUFFICIENT_EVIDENCE
Claude Mainstream,CORE_CELL_02_style_a::S5,CORE_CELL_02_style_a,CELL_02,core,style_a,5,TASK_FRACTIONS_003,,2,status_risolto,LOW,HIGH,ABSENT,ABSENT,LOW,INSUFFICIENT_EVIDENCE,HIGH,INSUFFICIENT_EVIDENCE
Claude Mainstream,CORE_CELL_02_style_b::S1,CORE_CELL_02_style_b,CELL_02,core,style_b,1,TASK_FRACTIONS_020,,6,status_risolto,LOW,HIGH,ABSENT,ABSENT,LOW,HIGH,HIGH,INSUFFICIENT_EVIDENCE
Claude Mainstream,CORE_CELL_02_style_b::S2,CORE_CELL_02_style_b,CELL_02,core,style_b,2,TASK_FRACTIONS_013,,12,max_learner_turns_reached,LOW,HIGH,ABSENT,PRESENT,LOW,HIGH,HIGH,HIGH
Claude Mainstream,CORE_CELL_02_style_b::S3,CORE_CELL_02_style_b,CELL_02,core,style_b,3,TASK_FRACTIONS_010,,4,status_risolto,LOW,HIGH,ABSENT,PRESENT,LOW,HIGH,HIGH,INSUFFICIENT_EVIDENCE
Claude Mainstream,CORE_CELL_02_style_b::S4,CORE_CELL_02_style_b,CELL_02,core,style_b,4,TASK_FRACTIONS_019,,5,status_risolto,LOW,HIGH,ABSENT,ABSENT,LOW,HIGH,HIGH,HIGH
Claude Mainstream,CORE_CELL_02_style_b::S5,CORE_CELL_02_style_b,CELL_02,core,style_b,5,TASK_FRACTIONS_006,,3,status_risolto,LOW,HIGH,ABSENT,ABSENT,LOW,INSUFFICIENT_EVIDENCE,HIGH,INSUFFICIENT_EVIDENCE
Claude Mainstream,CORE_CELL_03_style_a::S1,CORE_CELL_03_style_a,CELL_03,core,style_a,1,TASK_FRACTIONS_019,,4,status_risolto,LOW,HIGH,ABSENT,ABSENT,HIGH,HIGH,LOW,INSUFFICIENT_EVIDENCE
Claude Mainstream,CORE_CELL_03_style_a::S2,CORE_CELL_03_style_a,CELL_03,core,style_a,2,TASK_FRACTIONS_020,,5,status_risolto,LOW,HIGH,ABSENT,ABSENT,HIGH,HIGH,LOW,INSUFFICIENT_EVIDENCE
Claude Mainstream,CORE_CELL_03_style_a::S3,CORE_CELL_03_style_a,CELL_03,core,style_a,3,TASK_FRACTIONS_022,,6,status_risolto,LOW,HIGH,ABSENT,ABSENT,HIGH,HIGH,LOW,INSUFFICIENT_EVIDENCE
Claude Mainstream,CORE_CELL_03_style_a::S4,CORE_CELL_03_style_a,CELL_03,core,style_a,4,TASK_FRACTIONS_028,,8,status_risolto,LOW,HIGH,ABSENT,ABSENT,HIGH,HIGH,LOW,INSUFFICIENT_EVIDENCE
Claude Mainstream,CORE_CELL_03_style_a::S5,CORE_CELL_03_style_a,CELL_03,core,style_a,5,TASK_FRACTIONS_001,,12,max_learner_turns_reached,LOW,HIGH,ABSENT,ABSENT,HIGH,HIGH,LOW,HIGH
Claude Mainstream,CORE_CELL_03_style_b::S1,CORE_CELL_03_style_b,CELL_03,core,style_b,1,TASK_FRACTIONS_009,,6,status_risolto,LOW,HIGH,ABSENT,ABSENT,HIGH,HIGH,LOW,INSUFFICIENT_EVIDENCE
Claude Mainstream,CORE_CELL_03_style_b::S2,CORE_CELL_03_style_b,CELL_03,core,style_b,2,TASK_FRACTIONS_004,,4,status_risolto,LOW,HIGH,ABSENT,ABSENT,HIGH,HIGH,LOW,INSUFFICIENT_EVIDENCE
Claude Mainstream,CORE_CELL_03_style_b::S3,CORE_CELL_03_style_b,CELL_03,core,style_b,3,TASK_FRACTIONS_024,,7,status_risolto,LOW,HIGH,ABSENT,ABSENT,HIGH,HIGH,LOW,HIGH
Claude Mainstream,CORE_CELL_03_style_b::S4,CORE_CELL_03_style_b,CELL_03,core,style_b,4,TASK_FRACTIONS_010,,12,max_learner_turns_reached,LOW,HIGH,ABSENT,ABSENT,HIGH,HIGH,LOW,HIGH
Claude Mainstream,CORE_CELL_03_style_b::S5,CORE_CELL_03_style_b,CELL_03,core,style_b,5,TASK_FRACTIONS_018,,5,status_risolto,LOW,HIGH,ABSENT,ABSENT,HIGH,HIGH,LOW,INSUFFICIENT_EVIDENCE
Claude Mainstream,CORE_CELL_04_style_a::S1,CORE_CELL_04_style_a,CELL_04,core,style_a,1,TASK_FRACTIONS_028,,5,status_risolto,LOW,HIGH,ABSENT,ABSENT,HIGH,HIGH,HIGH,INSUFFICIENT_EVIDENCE
Claude Mainstream,CORE_CELL_04_style_a::S2,CORE_CELL_04_style_a,CELL_04,core,style_a,2,TASK_FRACTIONS_025,,10,status_risolto,LOW,HIGH,ABSENT,ABSENT,HIGH,HIGH,HIGH,HIGH
Claude Mainstream,CORE_CELL_04_style_a::S3,CORE_CELL_04_style_a,CELL_04,core,style_a,3,TASK_FRACTIONS_004,,6,status_risolto,LOW,HIGH,ABSENT,ABSENT,HIGH,HIGH,HIGH,HIGH
Claude Mainstream,CORE_CELL_04_style_a::S4,CORE_CELL_04_style_a,CELL_04,core,style_a,4,TASK_FRACTIONS_001,,12,max_learner_turns_reached,LOW,HIGH,ABSENT,ABSENT,HIGH,HIGH,HIGH,HIGH
Claude Mainstream,CORE_CELL_04_style_a::S5,CORE_CELL_04_style_a,CELL_04,core,style_a,5,TASK_FRACTIONS_015,,7,status_risolto,LOW,HIGH,ABSENT,ABSENT,HIGH,HIGH,HIGH,HIGH
Claude Mainstream,CORE_CELL_04_style_b::S1,CORE_CELL_04_style_b,CELL_04,core,style_b,1,TASK_FRACTIONS_026,,12,status_risolto,LOW,HIGH,ABSENT,ABSENT,HIGH,HIGH,HIGH,HIGH
Claude Mainstream,CORE_CELL_04_style_b::S2,CORE_CELL_04_style_b,CELL_04,core,style_b,2,TASK_FRACTIONS_017,,6,status_risolto,LOW,HIGH,ABSENT,ABSENT,HIGH,HIGH,HIGH,INSUFFICIENT_EVIDENCE
Claude Mainstream,CORE_CELL_04_style_b::S3,CORE_CELL_04_style_b,CELL_04,core,style_b,3,TASK_FRACTIONS_016,,3,status_risolto,LOW,HIGH,ABSENT,ABSENT,HIGH,HIGH,HIGH,INSUFFICIENT_EVIDENCE
Claude Mainstream,CORE_CELL_04_style_b::S4,CORE_CELL_04_style_b,CELL_04,core,style_b,4,TASK_FRACTIONS_003,,3,status_risolto,LOW,HIGH,ABSENT,ABSENT,HIGH,HIGH,HIGH,INSUFFICIENT_EVIDENCE
Claude Mainstream,CORE_CELL_04_style_b::S5,CORE_CELL_04_style_b,CELL_04,core,style_b,5,TASK_FRACTIONS_023,,4,status_risolto,LOW,HIGH,ABSENT,ABSENT,HIGH,HIGH,HIGH,INSUFFICIENT_EVIDENCE
Claude Mainstream,CORE_CELL_05_style_a::S1,CORE_CELL_05_style_a,CELL_05,core,style_a,1,TASK_FRACTIONS_022,,3,status_risolto,LOW,HIGH,PRESENT,ABSENT,LOW,HIGH,LOW,INSUFFICIENT_EVIDENCE
Claude Mainstream,CORE_CELL_05_style_a::S2,CORE_CELL_05_style_a,CELL_05,core,style_a,2,TASK_FRACTIONS_021,,10,status_risolto,LOW,HIGH,PRESENT,PRESENT,LOW,HIGH,LOW,INSUFFICIENT_EVIDENCE
Claude Mainstream,CORE_CELL_05_style_a::S3,CORE_CELL_05_style_a,CELL_05,core,style_a,3,TASK_FRACTIONS_026,,12,max_learner_turns_reached,LOW,HIGH,PRESENT,ABSENT,LOW,HIGH,LOW,INSUFFICIENT_EVIDENCE
Claude Mainstream,CORE_CELL_05_style_a::S4,CORE_CELL_05_style_a,CELL_05,core,style_a,4,TASK_FRACTIONS_007,,12,max_learner_turns_reached,LOW,LOW,PRESENT,PRESENT,LOW,HIGH,LOW,HIGH
Claude Mainstream,CORE_CELL_05_style_a::S5,CORE_CELL_05_style_a,CELL_05,core,style_a,5,TASK_FRACTIONS_008,,12,max_learner_turns_reached,LOW,LOW,PRESENT,PRESENT,LOW,HIGH,LOW,INSUFFICIENT_EVIDENCE
Claude Mainstream,CORE_CELL_05_style_b::S1,CORE_CELL_05_style_b,CELL_05,core,style_b,1,TASK_FRACTIONS_009,,11,status_risolto,LOW,LOW,PRESENT,PRESENT,LOW,HIGH,LOW,INSUFFICIENT_EVIDENCE
Claude Mainstream,CORE_CELL_05_style_b::S2,CORE_CELL_05_style_b,CELL_05,core,style_b,2,TASK_FRACTIONS_014,,5,status_risolto,LOW,LOW,PRESENT,PRESENT,LOW,HIGH,LOW,INSUFFICIENT_EVIDENCE
Claude Mainstream,CORE_CELL_05_style_b::S3,CORE_CELL_05_style_b,CELL_05,core,style_b,3,TASK_FRACTIONS_030,,7,status_risolto,LOW,HIGH,PRESENT,ABSENT,LOW,HIGH,LOW,INSUFFICIENT_EVIDENCE
Claude Mainstream,CORE_CELL_05_style_b::S4,CORE_CELL_05_style_b,CELL_05,core,style_b,4,TASK_FRACTIONS_027,,5,status_risolto,LOW,HIGH,PRESENT,ABSENT,LOW,HIGH,LOW,INSUFFICIENT_EVIDENCE
Claude Mainstream,CORE_CELL_05_style_b::S5,CORE_CELL_05_style_b,CELL_05,core,style_b,5,TASK_FRACTIONS_023,,12,max_learner_turns_reached,LOW,HIGH,PRESENT,ABSENT,LOW,HIGH,LOW,INSUFFICIENT_EVIDENCE
Claude Mainstream,CORE_CELL_06_style_a::S1,CORE_CELL_06_style_a,CELL_06,core,style_a,1,TASK_FRACTIONS_004,,8,status_risolto,LOW,LOW,PRESENT,PRESENT,LOW,HIGH,HIGH,INSUFFICIENT_EVIDENCE
Claude Mainstream,CORE_CELL_06_style_a::S2,CORE_CELL_06_style_a,CELL_06,core,style_a,2,TASK_FRACTIONS_007,,12,max_learner_turns_reached,LOW,HIGH,PRESENT,PRESENT,LOW,HIGH,HIGH,INSUFFICIENT_EVIDENCE
Claude Mainstream,CORE_CELL_06_style_a::S3,CORE_CELL_06_style_a,CELL_06,core,style_a,3,TASK_FRACTIONS_017,,12,max_learner_turns_reached,LOW,HIGH,PRESENT,ABSENT,LOW,HIGH,HIGH,HIGH
Claude Mainstream,CORE_CELL_06_style_a::S4,CORE_CELL_06_style_a,CELL_06,core,style_a,4,TASK_FRACTIONS_023,,6,status_risolto,LOW,LOW,PRESENT,PRESENT,LOW,HIGH,HIGH,HIGH
Claude Mainstream,CORE_CELL_06_style_a::S5,CORE_CELL_06_style_a,CELL_06,core,style_a,5,TASK_FRACTIONS_021,,12,max_learner_turns_reached,LOW,HIGH,PRESENT,ABSENT,LOW,HIGH,HIGH,HIGH
Claude Mainstream,CORE_CELL_06_style_b::S1,CORE_CELL_06_style_b,CELL_06,core,style_b,1,TASK_FRACTIONS_015,,10,status_risolto,LOW,LOW,PRESENT,PRESENT,LOW,HIGH,HIGH,LOW
Claude Mainstream,CORE_CELL_06_style_b::S2,CORE_CELL_06_style_b,CELL_06,core,style_b,2,TASK_FRACTIONS_019,,12,max_learner_turns_reached,LOW,LOW,PRESENT,ABSENT,LOW,HIGH,HIGH,INSUFFICIENT_EVIDENCE
Claude Mainstream,CORE_CELL_06_style_b::S3,CORE_CELL_06_style_b,CELL_06,core,style_b,3,TASK_FRACTIONS_005,,4,status_risolto,LOW,LOW,PRESENT,ABSENT,LOW,LOW,HIGH,INSUFFICIENT_EVIDENCE
Claude Mainstream,CORE_CELL_06_style_b::S4,CORE_CELL_06_style_b,CELL_06,core,style_b,4,TASK_FRACTIONS_026,,12,max_learner_turns_reached,LOW,HIGH,PRESENT,PRESENT,LOW,HIGH,HIGH,HIGH
Claude Mainstream,CORE_CELL_06_style_b::S5,CORE_CELL_06_style_b,CELL_06,core,style_b,5,TASK_FRACTIONS_020,,4,status_risolto,LOW,HIGH,PRESENT,ABSENT,LOW,INSUFFICIENT_EVIDENCE,HIGH,INSUFFICIENT_EVIDENCE
Claude Mainstream,CORE_CELL_07_style_a::S1,CORE_CELL_07_style_a,CELL_07,core,style_a,1,TASK_FRACTIONS_030,,4,status_risolto,LOW,HIGH,PRESENT,ABSENT,HIGH,HIGH,LOW,HIGH
Claude Mainstream,CORE_CELL_07_style_a::S2,CORE_CELL_07_style_a,CELL_07,core,style_a,2,TASK_FRACTIONS_006,,4,status_risolto,LOW,HIGH,PRESENT,ABSENT,HIGH,HIGH,LOW,INSUFFICIENT_EVIDENCE
Claude Mainstream,CORE_CELL_07_style_a::S3,CORE_CELL_07_style_a,CELL_07,core,style_a,3,TASK_FRACTIONS_014,,12,max_learner_turns_reached,LOW,HIGH,PRESENT,ABSENT,HIGH,HIGH,LOW,HIGH
Claude Mainstream,CORE_CELL_07_style_a::S4,CORE_CELL_07_style_a,CELL_07,core,style_a,4,TASK_FRACTIONS_013,,12,max_learner_turns_reached,LOW,HIGH,PRESENT,PRESENT,HIGH,HIGH,LOW,HIGH
Claude Mainstream,CORE_CELL_07_style_a::S5,CORE_CELL_07_style_a,CELL_07,core,style_a,5,TASK_FRACTIONS_027,,3,status_risolto,LOW,HIGH,PRESENT,ABSENT,HIGH,HIGH,LOW,INSUFFICIENT_EVIDENCE
Claude Mainstream,CORE_CELL_07_style_b::S1,CORE_CELL_07_style_b,CELL_07,core,style_b,1,TASK_FRACTIONS_003,,12,max_learner_turns_reached,LOW,HIGH,PRESENT,ABSENT,HIGH,HIGH,LOW,INSUFFICIENT_EVIDENCE
Claude Mainstream,CORE_CELL_07_style_b::S2,CORE_CELL_07_style_b,CELL_07,core,style_b,2,TASK_FRACTIONS_025,,3,status_risolto,LOW,HIGH,PRESENT,ABSENT,HIGH,HIGH,LOW,INSUFFICIENT_EVIDENCE
Claude Mainstream,CORE_CELL_07_style_b::S3,CORE_CELL_07_style_b,CELL_07,core,style_b,3,TASK_FRACTIONS_007,,4,status_risolto,LOW,HIGH,PRESENT,ABSENT,HIGH,HIGH,LOW,INSUFFICIENT_EVIDENCE
Claude Mainstream,CORE_CELL_07_style_b::S4,CORE_CELL_07_style_b,CELL_07,core,style_b,4,TASK_FRACTIONS_004,,12,max_learner_turns_reached,LOW,HIGH,PRESENT,ABSENT,HIGH,HIGH,LOW,INSUFFICIENT_EVIDENCE
Claude Mainstream,CORE_CELL_07_style_b::S5,CORE_CELL_07_style_b,CELL_07,core,style_b,5,TASK_FRACTIONS_017,,12,max_learner_turns_reached,LOW,HIGH,PRESENT,ABSENT,HIGH,HIGH,LOW,INSUFFICIENT_EVIDENCE
Claude Mainstream,CORE_CELL_08_style_a::S1,CORE_CELL_08_style_a,CELL_08,core,style_a,1,TASK_FRACTIONS_006,,8,status_risolto,LOW,HIGH,PRESENT,ABSENT,HIGH,HIGH,HIGH,HIGH
Claude Mainstream,CORE_CELL_08_style_a::S2,CORE_CELL_08_style_a,CELL_08,core,style_a,2,TASK_FRACTIONS_008,,4,status_risolto,LOW,HIGH,PRESENT,ABSENT,HIGH,HIGH,HIGH,INSUFFICIENT_EVIDENCE
Claude Mainstream,CORE_CELL_08_style_a::S3,CORE_CELL_08_style_a,CELL_08,core,style_a,3,TASK_FRACTIONS_016,,5,status_risolto,LOW,HIGH,PRESENT,ABSENT,HIGH,HIGH,HIGH,INSUFFICIENT_EVIDENCE
Claude Mainstream,CORE_CELL_08_style_a::S4,CORE_CELL_08_style_a,CELL_08,core,style_a,4,TASK_FRACTIONS_029,,5,status_risolto,LOW,HIGH,PRESENT,INSUFFICIENT_EVIDENCE,HIGH,HIGH,HIGH,INSUFFICIENT_EVIDENCE
Claude Mainstream,CORE_CELL_08_style_a::S5,CORE_CELL_08_style_a,CELL_08,core,style_a,5,TASK_FRACTIONS_024,,5,status_risolto,LOW,HIGH,PRESENT,ABSENT,HIGH,HIGH,HIGH,HIGH
Claude Mainstream,CORE_CELL_08_style_b::S1,CORE_CELL_08_style_b,CELL_08,core,style_b,1,TASK_FRACTIONS_011,,5,status_risolto,LOW,HIGH,PRESENT,PRESENT,HIGH,HIGH,HIGH,INSUFFICIENT_EVIDENCE
Claude Mainstream,CORE_CELL_08_style_b::S2,CORE_CELL_08_style_b,CELL_08,core,style_b,2,TASK_FRACTIONS_001,,10,status_risolto,LOW,HIGH,PRESENT,ABSENT,HIGH,HIGH,HIGH,HIGH
Claude Mainstream,CORE_CELL_08_style_b::S3,CORE_CELL_08_style_b,CELL_08,core,style_b,3,TASK_FRACTIONS_012,,12,max_learner_turns_reached,LOW,HIGH,PRESENT,ABSENT,HIGH,HIGH,HIGH,HIGH
Claude Mainstream,CORE_CELL_08_style_b::S4,CORE_CELL_08_style_b,CELL_08,core,style_b,4,TASK_FRACTIONS_021,,5,status_risolto,LOW,HIGH,PRESENT,ABSENT,HIGH,HIGH,HIGH,INSUFFICIENT_EVIDENCE
Claude Mainstream,CORE_CELL_08_style_b::S5,CORE_CELL_08_style_b,CELL_08,core,style_b,5,TASK_FRACTIONS_005,,2,status_risolto,LOW,HIGH,PRESENT,ABSENT,HIGH,HIGH,HIGH,INSUFFICIENT_EVIDENCE
Claude Mainstream,CORE_CELL_09_style_a::S1,CORE_CELL_09_style_a,CELL_09,core,style_a,1,TASK_FRACTIONS_002,,8,status_risolto,HIGH,HIGH,ABSENT,ABSENT,LOW,HIGH,LOW,HIGH
Claude Mainstream,CORE_CELL_09_style_a::S2,CORE_CELL_09_style_a,CELL_09,core,style_a,2,TASK_FRACTIONS_022,,4,status_risolto,HIGH,HIGH,ABSENT,ABSENT,LOW,INSUFFICIENT_EVIDENCE,LOW,INSUFFICIENT_EVIDENCE
Claude Mainstream,CORE_CELL_09_style_a::S3,CORE_CELL_09_style_a,CELL_09,core,style_a,3,TASK_FRACTIONS_015,,1,status_risolto,HIGH,HIGH,ABSENT,ABSENT,LOW,INSUFFICIENT_EVIDENCE,LOW,INSUFFICIENT_EVIDENCE
Claude Mainstream,CORE_CELL_09_style_a::S4,CORE_CELL_09_style_a,CELL_09,core,style_a,4,TASK_FRACTIONS_012,,3,status_risolto,HIGH,HIGH,ABSENT,PRESENT,LOW,HIGH,LOW,INSUFFICIENT_EVIDENCE
Claude Mainstream,CORE_CELL_09_style_a::S5,CORE_CELL_09_style_a,CELL_09,core,style_a,5,TASK_FRACTIONS_024,,3,status_risolto,HIGH,HIGH,ABSENT,ABSENT,LOW,INSUFFICIENT_EVIDENCE,LOW,INSUFFICIENT_EVIDENCE
Claude Mainstream,CORE_CELL_09_style_b::S1,CORE_CELL_09_style_b,CELL_09,core,style_b,1,TASK_FRACTIONS_010,,3,status_risolto,HIGH,HIGH,ABSENT,ABSENT,LOW,INSUFFICIENT_EVIDENCE,LOW,INSUFFICIENT_EVIDENCE
Claude Mainstream,CORE_CELL_09_style_b::S2,CORE_CELL_09_style_b,CELL_09,core,style_b,2,TASK_FRACTIONS_009,,6,status_risolto,HIGH,HIGH,ABSENT,PRESENT,LOW,HIGH,LOW,INSUFFICIENT_EVIDENCE
Claude Mainstream,CORE_CELL_09_style_b::S3,CORE_CELL_09_style_b,CELL_09,core,style_b,3,TASK_FRACTIONS_022,,12,max_learner_turns_reached,HIGH,HIGH,ABSENT,ABSENT,LOW,HIGH,LOW,HIGH
Claude Mainstream,CORE_CELL_09_style_b::S4,CORE_CELL_09_style_b,CELL_09,core,style_b,4,TASK_FRACTIONS_007,,7,status_risolto,HIGH,HIGH,ABSENT,ABSENT,LOW,HIGH,LOW,HIGH
Claude Mainstream,CORE_CELL_09_style_b::S5,CORE_CELL_09_style_b,CELL_09,core,style_b,5,TASK_FRACTIONS_004,,6,status_risolto,HIGH,HIGH,ABSENT,ABSENT,LOW,HIGH,LOW,INSUFFICIENT_EVIDENCE
Claude Mainstream,CORE_CELL_10_style_a::S1,CORE_CELL_10_style_a,CELL_10,core,style_a,1,TASK_FRACTIONS_016,,3,status_risolto,HIGH,HIGH,ABSENT,ABSENT,LOW,HIGH,HIGH,INSUFFICIENT_EVIDENCE
Claude Mainstream,CORE_CELL_10_style_a::S2,CORE_CELL_10_style_a,CELL_10,core,style_a,2,TASK_FRACTIONS_024,,1,status_risolto,HIGH,HIGH,ABSENT,ABSENT,LOW,INSUFFICIENT_EVIDENCE,HIGH,INSUFFICIENT_EVIDENCE
Claude Mainstream,CORE_CELL_10_style_a::S3,CORE_CELL_10_style_a,CELL_10,core,style_a,3,TASK_FRACTIONS_008,,3,status_risolto,HIGH,HIGH,ABSENT,ABSENT,LOW,INSUFFICIENT_EVIDENCE,HIGH,INSUFFICIENT_EVIDENCE
Claude Mainstream,CORE_CELL_10_style_a::S4,CORE_CELL_10_style_a,CELL_10,core,style_a,4,TASK_FRACTIONS_018,,3,status_risolto,HIGH,HIGH,ABSENT,ABSENT,LOW,HIGH,HIGH,INSUFFICIENT_EVIDENCE
Claude Mainstream,CORE_CELL_10_style_a::S5,CORE_CELL_10_style_a,CELL_10,core,style_a,5,TASK_FRACTIONS_029,,2,status_risolto,HIGH,HIGH,ABSENT,ABSENT,LOW,INSUFFICIENT_EVIDENCE,HIGH,HIGH
Claude Mainstream,CORE_CELL_10_style_b::S1,CORE_CELL_10_style_b,CELL_10,core,style_b,1,TASK_FRACTIONS_020,,5,status_risolto,HIGH,HIGH,ABSENT,ABSENT,LOW,INSUFFICIENT_EVIDENCE,HIGH,INSUFFICIENT_EVIDENCE
Claude Mainstream,CORE_CELL_10_style_b::S2,CORE_CELL_10_style_b,CELL_10,core,style_b,2,TASK_FRACTIONS_013,,7,status_risolto,HIGH,HIGH,ABSENT,ABSENT,LOW,HIGH,HIGH,HIGH
Claude Mainstream,CORE_CELL_10_style_b::S3,CORE_CELL_10_style_b,CELL_10,core,style_b,3,TASK_FRACTIONS_010,,7,status_risolto,HIGH,HIGH,ABSENT,ABSENT,LOW,INSUFFICIENT_EVIDENCE,HIGH,INSUFFICIENT_EVIDENCE
Claude Mainstream,CORE_CELL_10_style_b::S4,CORE_CELL_10_style_b,CELL_10,core,style_b,4,TASK_FRACTIONS_019,,4,status_risolto,HIGH,HIGH,ABSENT,ABSENT,LOW,INSUFFICIENT_EVIDENCE,HIGH,HIGH
Claude Mainstream,CORE_CELL_10_style_b::S5,CORE_CELL_10_style_b,CELL_10,core,style_b,5,TASK_FRACTIONS_006,,2,status_risolto,HIGH,HIGH,ABSENT,ABSENT,LOW,INSUFFICIENT_EVIDENCE,HIGH,INSUFFICIENT_EVIDENCE
Claude Mainstream,CORE_CELL_11_style_a::S1,CORE_CELL_11_style_a,CELL_11,core,style_a,1,TASK_FRACTIONS_019,,3,status_risolto,HIGH,HIGH,ABSENT,ABSENT,HIGH,HIGH,LOW,INSUFFICIENT_EVIDENCE
Claude Mainstream,CORE_CELL_11_style_a::S2,CORE_CELL_11_style_a,CELL_11,core,style_a,2,TASK_FRACTIONS_020,,8,status_risolto,HIGH,HIGH,ABSENT,ABSENT,HIGH,HIGH,LOW,HIGH
Claude Mainstream,CORE_CELL_11_style_a::S3,CORE_CELL_11_style_a,CELL_11,core,style_a,3,TASK_FRACTIONS_022,,3,status_risolto,HIGH,HIGH,ABSENT,ABSENT,HIGH,HIGH,LOW,INSUFFICIENT_EVIDENCE
Claude Mainstream,CORE_CELL_11_style_a::S4,CORE_CELL_11_style_a,CELL_11,core,style_a,4,TASK_FRACTIONS_028,,3,status_risolto,HIGH,HIGH,ABSENT,ABSENT,HIGH,HIGH,LOW,INSUFFICIENT_EVIDENCE
Claude Mainstream,CORE_CELL_11_style_a::S5,CORE_CELL_11_style_a,CELL_11,core,style_a,5,TASK_FRACTIONS_001,,12,max_learner_turns_reached,HIGH,HIGH,ABSENT,ABSENT,HIGH,HIGH,LOW,HIGH
Claude Mainstream,CORE_CELL_11_style_b::S1,CORE_CELL_11_style_b,CELL_11,core,style_b,1,TASK_FRACTIONS_002,,12,max_learner_turns_reached,HIGH,HIGH,ABSENT,ABSENT,HIGH,HIGH,LOW,HIGH
Claude Mainstream,CORE_CELL_11_style_b::S2,CORE_CELL_11_style_b,CELL_11,core,style_b,2,TASK_FRACTIONS_007,,12,max_learner_turns_reached,HIGH,HIGH,ABSENT,ABSENT,HIGH,HIGH,LOW,HIGH
Claude Mainstream,CORE_CELL_11_style_b::S3,CORE_CELL_11_style_b,CELL_11,core,style_b,3,TASK_FRACTIONS_012,,3,status_risolto,HIGH,HIGH,ABSENT,ABSENT,HIGH,INSUFFICIENT_EVIDENCE,LOW,HIGH
Claude Mainstream,CORE_CELL_11_style_b::S4,CORE_CELL_11_style_b,CELL_11,core,style_b,4,TASK_FRACTIONS_005,,12,max_learner_turns_reached,HIGH,HIGH,ABSENT,ABSENT,HIGH,HIGH,LOW,HIGH
Claude Mainstream,CORE_CELL_11_style_b::S5,CORE_CELL_11_style_b,CELL_11,core,style_b,5,TASK_FRACTIONS_004,,5,status_risolto,HIGH,HIGH,ABSENT,ABSENT,HIGH,HIGH,LOW,INSUFFICIENT_EVIDENCE
Claude Mainstream,CORE_CELL_12_style_a::S1,CORE_CELL_12_style_a,CELL_12,core,style_a,1,TASK_FRACTIONS_005,,9,status_risolto,HIGH,HIGH,ABSENT,ABSENT,HIGH,HIGH,HIGH,INSUFFICIENT_EVIDENCE
Claude Mainstream,CORE_CELL_12_style_a::S2,CORE_CELL_12_style_a,CELL_12,core,style_a,2,TASK_FRACTIONS_029,,1,status_risolto,HIGH,HIGH,ABSENT,ABSENT,HIGH,INSUFFICIENT_EVIDENCE,HIGH,INSUFFICIENT_EVIDENCE
Claude Mainstream,CORE_CELL_12_style_a::S3,CORE_CELL_12_style_a,CELL_12,core,style_a,3,TASK_FRACTIONS_014,,12,max_learner_turns_reached,HIGH,HIGH,ABSENT,ABSENT,HIGH,HIGH,HIGH,HIGH
Claude Mainstream,CORE_CELL_12_style_a::S4,CORE_CELL_12_style_a,CELL_12,core,style_a,4,TASK_FRACTIONS_007,,12,max_learner_turns_reached,HIGH,HIGH,ABSENT,ABSENT,HIGH,HIGH,HIGH,HIGH
Claude Mainstream,CORE_CELL_12_style_a::S5,CORE_CELL_12_style_a,CELL_12,core,style_a,5,TASK_FRACTIONS_025,,2,status_risolto,HIGH,HIGH,ABSENT,ABSENT,HIGH,INSUFFICIENT_EVIDENCE,HIGH,INSUFFICIENT_EVIDENCE
Claude Mainstream,CORE_CELL_12_style_b::S1,CORE_CELL_12_style_b,CELL_12,core,style_b,1,TASK_FRACTIONS_018,,1,status_risolto,HIGH,HIGH,ABSENT,ABSENT,HIGH,INSUFFICIENT_EVIDENCE,HIGH,INSUFFICIENT_EVIDENCE
Claude Mainstream,CORE_CELL_12_style_b::S2,CORE_CELL_12_style_b,CELL_12,core,style_b,2,TASK_FRACTIONS_026,,3,status_risolto,HIGH,HIGH,ABSENT,ABSENT,HIGH,INSUFFICIENT_EVIDENCE,HIGH,INSUFFICIENT_EVIDENCE
Claude Mainstream,CORE_CELL_12_style_b::S3,CORE_CELL_12_style_b,CELL_12,core,style_b,3,TASK_FRACTIONS_029,,1,status_risolto,HIGH,HIGH,ABSENT,ABSENT,HIGH,INSUFFICIENT_EVIDENCE,HIGH,INSUFFICIENT_EVIDENCE
Claude Mainstream,CORE_CELL_12_style_b::S4,CORE_CELL_12_style_b,CELL_12,core,style_b,4,TASK_FRACTIONS_002,,11,status_risolto,HIGH,HIGH,ABSENT,ABSENT,HIGH,HIGH,HIGH,HIGH
Claude Mainstream,CORE_CELL_12_style_b::S5,CORE_CELL_12_style_b,CELL_12,core,style_b,5,TASK_FRACTIONS_007,,12,status_risolto,HIGH,HIGH,ABSENT,ABSENT,HIGH,HIGH,HIGH,HIGH
Claude Mainstream,CORE_CELL_13_style_a::S1,CORE_CELL_13_style_a,CELL_13,core,style_a,1,TASK_FRACTIONS_017,,6,status_risolto,HIGH,HIGH,PRESENT,PRESENT,LOW,HIGH,LOW,INSUFFICIENT_EVIDENCE
Claude Mainstream,CORE_CELL_13_style_a::S2,CORE_CELL_13_style_a,CELL_13,core,style_a,2,TASK_FRACTIONS_029,,4,status_risolto,HIGH,HIGH,PRESENT,ABSENT,LOW,HIGH,LOW,INSUFFICIENT_EVIDENCE
Claude Mainstream,CORE_CELL_13_style_a::S3,CORE_CELL_13_style_a,CELL_13,core,style_a,3,TASK_FRACTIONS_013,,12,max_learner_turns_reached,HIGH,HIGH,PRESENT,PRESENT,LOW,LOW,LOW,LOW
Claude Mainstream,CORE_CELL_13_style_a::S4,CORE_CELL_13_style_a,CELL_13,core,style_a,4,TASK_FRACTIONS_022,,12,max_learner_turns_reached,HIGH,HIGH,PRESENT,PRESENT,LOW,HIGH,LOW,HIGH
Claude Mainstream,CORE_CELL_13_style_a::S5,CORE_CELL_13_style_a,CELL_13,core,style_a,5,TASK_FRACTIONS_030,,5,status_risolto,HIGH,LOW,PRESENT,INSUFFICIENT_EVIDENCE,LOW,INSUFFICIENT_EVIDENCE,LOW,INSUFFICIENT_EVIDENCE
Claude Mainstream,CORE_CELL_13_style_b::S1,CORE_CELL_13_style_b,CELL_13,core,style_b,1,TASK_FRACTIONS_009,,3,status_risolto,HIGH,HIGH,PRESENT,ABSENT,LOW,LOW,LOW,INSUFFICIENT_EVIDENCE
Claude Mainstream,CORE_CELL_13_style_b::S2,CORE_CELL_13_style_b,CELL_13,core,style_b,2,TASK_FRACTIONS_014,,6,status_risolto,HIGH,LOW,PRESENT,PRESENT,LOW,LOW,LOW,INSUFFICIENT_EVIDENCE
Claude Mainstream,CORE_CELL_13_style_b::S3,CORE_CELL_13_style_b,CELL_13,core,style_b,3,TASK_FRACTIONS_030,,1,status_risolto,HIGH,HIGH,PRESENT,ABSENT,LOW,INSUFFICIENT_EVIDENCE,LOW,INSUFFICIENT_EVIDENCE
Claude Mainstream,CORE_CELL_13_style_b::S4,CORE_CELL_13_style_b,CELL_13,core,style_b,4,TASK_FRACTIONS_027,,1,status_risolto,HIGH,HIGH,PRESENT,ABSENT,LOW,INSUFFICIENT_EVIDENCE,LOW,INSUFFICIENT_EVIDENCE
Claude Mainstream,CORE_CELL_13_style_b::S5,CORE_CELL_13_style_b,CELL_13,core,style_b,5,TASK_FRACTIONS_023,,3,status_risolto,HIGH,HIGH,PRESENT,ABSENT,LOW,INSUFFICIENT_EVIDENCE,LOW,INSUFFICIENT_EVIDENCE
Claude Mainstream,CORE_CELL_14_style_a::S1,CORE_CELL_14_style_a,CELL_14,core,style_a,1,TASK_FRACTIONS_008,,11,status_risolto,HIGH,HIGH,PRESENT,ABSENT,LOW,HIGH,HIGH,HIGH
Claude Mainstream,CORE_CELL_14_style_a::S2,CORE_CELL_14_style_a,CELL_14,core,style_a,2,TASK_FRACTIONS_017,,3,status_risolto,HIGH,HIGH,PRESENT,ABSENT,LOW,LOW,HIGH,INSUFFICIENT_EVIDENCE
Claude Mainstream,CORE_CELL_14_style_a::S3,CORE_CELL_14_style_a,CELL_14,core,style_a,3,TASK_FRACTIONS_018,,5,status_risolto,HIGH,LOW,PRESENT,PRESENT,LOW,LOW,HIGH,INSUFFICIENT_EVIDENCE
Claude Mainstream,CORE_CELL_14_style_a::S4,CORE_CELL_14_style_a,CELL_14,core,style_a,4,TASK_FRACTIONS_016,,4,status_risolto,HIGH,LOW,PRESENT,PRESENT,LOW,LOW,HIGH,INSUFFICIENT_EVIDENCE
Claude Mainstream,CORE_CELL_14_style_a::S5,CORE_CELL_14_style_a,CELL_14,core,style_a,5,TASK_FRACTIONS_024,,4,status_risolto,HIGH,HIGH,PRESENT,ABSENT,LOW,HIGH,HIGH,INSUFFICIENT_EVIDENCE
Claude Mainstream,CORE_CELL_14_style_b::S1,CORE_CELL_14_style_b,CELL_14,core,style_b,1,TASK_FRACTIONS_010,,6,status_risolto,HIGH,LOW,PRESENT,PRESENT,LOW,LOW,HIGH,HIGH
Claude Mainstream,CORE_CELL_14_style_b::S2,CORE_CELL_14_style_b,CELL_14,core,style_b,2,TASK_FRACTIONS_011,,12,status_risolto,HIGH,HIGH,PRESENT,ABSENT,LOW,HIGH,HIGH,HIGH
Claude Mainstream,CORE_CELL_14_style_b::S3,CORE_CELL_14_style_b,CELL_14,core,style_b,3,TASK_FRACTIONS_028,,1,status_risolto,HIGH,HIGH,PRESENT,ABSENT,LOW,INSUFFICIENT_EVIDENCE,HIGH,INSUFFICIENT_EVIDENCE
Claude Mainstream,CORE_CELL_14_style_b::S4,CORE_CELL_14_style_b,CELL_14,core,style_b,4,TASK_FRACTIONS_012,,3,status_risolto,HIGH,HIGH,PRESENT,ABSENT,LOW,LOW,HIGH,INSUFFICIENT_EVIDENCE
Claude Mainstream,CORE_CELL_14_style_b::S5,CORE_CELL_14_style_b,CELL_14,core,style_b,5,TASK_FRACTIONS_021,,8,status_risolto,HIGH,HIGH,PRESENT,ABSENT,LOW,HIGH,HIGH,INSUFFICIENT_EVIDENCE
Claude Mainstream,CORE_CELL_15_style_a::S1,CORE_CELL_15_style_a,CELL_15,core,style_a,1,TASK_FRACTIONS_029,,5,status_risolto,HIGH,HIGH,PRESENT,ABSENT,HIGH,HIGH,LOW,INSUFFICIENT_EVIDENCE
Claude Mainstream,CORE_CELL_15_style_a::S2,CORE_CELL_15_style_a,CELL_15,core,style_a,2,TASK_FRACTIONS_022,,5,status_risolto,HIGH,HIGH,PRESENT,ABSENT,HIGH,INSUFFICIENT_EVIDENCE,LOW,INSUFFICIENT_EVIDENCE
Claude Mainstream,CORE_CELL_15_style_a::S3,CORE_CELL_15_style_a,CELL_15,core,style_a,3,TASK_FRACTIONS_011,,11,status_risolto,HIGH,HIGH,PRESENT,ABSENT,HIGH,HIGH,LOW,INSUFFICIENT_EVIDENCE
Claude Mainstream,CORE_CELL_15_style_a::S4,CORE_CELL_15_style_a,CELL_15,core,style_a,4,TASK_FRACTIONS_016,,5,status_risolto,HIGH,HIGH,PRESENT,ABSENT,HIGH,HIGH,LOW,INSUFFICIENT_EVIDENCE
Claude Mainstream,CORE_CELL_15_style_a::S5,CORE_CELL_15_style_a,CELL_15,core,style_a,5,TASK_FRACTIONS_025,,6,status_risolto,HIGH,HIGH,PRESENT,ABSENT,HIGH,HIGH,LOW,HIGH
Claude Mainstream,CORE_CELL_15_style_b::S1,CORE_CELL_15_style_b,CELL_15,core,style_b,1,TASK_FRACTIONS_026,,12,status_risolto,HIGH,HIGH,PRESENT,ABSENT,HIGH,HIGH,LOW,HIGH
Claude Mainstream,CORE_CELL_15_style_b::S2,CORE_CELL_15_style_b,CELL_15,core,style_b,2,TASK_FRACTIONS_005,,3,status_risolto,HIGH,HIGH,PRESENT,ABSENT,HIGH,INSUFFICIENT_EVIDENCE,LOW,INSUFFICIENT_EVIDENCE
Claude Mainstream,CORE_CELL_15_style_b::S3,CORE_CELL_15_style_b,CELL_15,core,style_b,3,TASK_FRACTIONS_007,,6,status_risolto,HIGH,HIGH,PRESENT,PRESENT,HIGH,HIGH,LOW,HIGH
Claude Mainstream,CORE_CELL_15_style_b::S4,CORE_CELL_15_style_b,CELL_15,core,style_b,4,TASK_FRACTIONS_011,,2,status_risolto,HIGH,HIGH,PRESENT,ABSENT,HIGH,LOW,LOW,INSUFFICIENT_EVIDENCE
Claude Mainstream,CORE_CELL_15_style_b::S5,CORE_CELL_15_style_b,CELL_15,core,style_b,5,TASK_FRACTIONS_002,,2,status_risolto,HIGH,HIGH,PRESENT,ABSENT,HIGH,HIGH,LOW,INSUFFICIENT_EVIDENCE
Claude Mainstream,CORE_CELL_16_style_a::S1,CORE_CELL_16_style_a,CELL_16,core,style_a,1,TASK_FRACTIONS_025,,11,status_risolto,HIGH,HIGH,PRESENT,ABSENT,HIGH,HIGH,HIGH,INSUFFICIENT_EVIDENCE
Claude Mainstream,CORE_CELL_16_style_a::S2,CORE_CELL_16_style_a,CELL_16,core,style_a,2,TASK_FRACTIONS_016,,5,status_risolto,HIGH,HIGH,PRESENT,ABSENT,HIGH,HIGH,HIGH,INSUFFICIENT_EVIDENCE
Claude Mainstream,CORE_CELL_16_style_a::S3,CORE_CELL_16_style_a,CELL_16,core,style_a,3,TASK_FRACTIONS_003,,12,status_risolto,HIGH,HIGH,PRESENT,ABSENT,HIGH,HIGH,HIGH,HIGH
Claude Mainstream,CORE_CELL_16_style_a::S4,CORE_CELL_16_style_a,CELL_16,core,style_a,4,TASK_FRACTIONS_008,,4,status_risolto,HIGH,HIGH,PRESENT,ABSENT,HIGH,HIGH,HIGH,INSUFFICIENT_EVIDENCE
Claude Mainstream,CORE_CELL_16_style_a::S5,CORE_CELL_16_style_a,CELL_16,core,style_a,5,TASK_FRACTIONS_002,,12,max_learner_turns_reached,HIGH,HIGH,PRESENT,ABSENT,HIGH,HIGH,HIGH,HIGH
Claude Mainstream,CORE_CELL_16_style_b::S1,CORE_CELL_16_style_b,CELL_16,core,style_b,1,TASK_FRACTIONS_011,,7,status_risolto,HIGH,HIGH,PRESENT,ABSENT,HIGH,HIGH,HIGH,INSUFFICIENT_EVIDENCE
Claude Mainstream,CORE_CELL_16_style_b::S2,CORE_CELL_16_style_b,CELL_16,core,style_b,2,TASK_FRACTIONS_001,,12,max_learner_turns_reached,HIGH,HIGH,PRESENT,ABSENT,HIGH,INSUFFICIENT_EVIDENCE,HIGH,INSUFFICIENT_EVIDENCE
Claude Mainstream,CORE_CELL_16_style_b::S3,CORE_CELL_16_style_b,CELL_16,core,style_b,3,TASK_FRACTIONS_012,,9,status_risolto,HIGH,HIGH,PRESENT,ABSENT,HIGH,INSUFFICIENT_EVIDENCE,HIGH,HIGH
Claude Mainstream,CORE_CELL_16_style_b::S4,CORE_CELL_16_style_b,CELL_16,core,style_b,4,TASK_FRACTIONS_021,,12,max_learner_turns_reached,HIGH,HIGH,PRESENT,ABSENT,HIGH,HIGH,HIGH,HIGH
Claude Mainstream,CORE_CELL_16_style_b::S5,CORE_CELL_16_style_b,CELL_16,core,style_b,5,TASK_FRACTIONS_005,,9,status_risolto,HIGH,HIGH,PRESENT,ABSENT,HIGH,HIGH,HIGH,HIGH
Claude Mainstream,NP_NP1_style_a::S1,NP_NP1_style_a,CELL_03,numerical_processing,style_a,1,TASK_FRACTIONS_030,,5,status_risolto,LOW,HIGH,ABSENT,ABSENT,HIGH,HIGH,LOW,INSUFFICIENT_EVIDENCE
Claude Mainstream,NP_NP1_style_a::S2,NP_NP1_style_a,CELL_03,numerical_processing,style_a,2,TASK_FRACTIONS_006,,12,max_learner_turns_reached,LOW,HIGH,ABSENT,ABSENT,HIGH,HIGH,LOW,HIGH
Claude Mainstream,NP_NP1_style_a::S3,NP_NP1_style_a,CELL_03,numerical_processing,style_a,3,TASK_FRACTIONS_014,,12,max_learner_turns_reached,LOW,HIGH,ABSENT,ABSENT,HIGH,HIGH,LOW,INSUFFICIENT_EVIDENCE
Claude Mainstream,NP_NP1_style_a::S4,NP_NP1_style_a,CELL_03,numerical_processing,style_a,4,TASK_FRACTIONS_013,,12,max_learner_turns_reached,LOW,HIGH,ABSENT,ABSENT,HIGH,HIGH,LOW,INSUFFICIENT_EVIDENCE
Claude Mainstream,NP_NP1_style_a::S5,NP_NP1_style_a,CELL_03,numerical_processing,style_a,5,TASK_FRACTIONS_027,,12,status_risolto,LOW,HIGH,ABSENT,ABSENT,HIGH,HIGH,LOW,HIGH
Claude Mainstream,NP_NP2_style_b::S1,NP_NP2_style_b,CELL_10,numerical_processing,style_b,1,TASK_FRACTIONS_010,,4,status_risolto,HIGH,HIGH,ABSENT,ABSENT,LOW,INSUFFICIENT_EVIDENCE,HIGH,HIGH
Claude Mainstream,NP_NP2_style_b::S2,NP_NP2_style_b,CELL_10,numerical_processing,style_b,2,TASK_FRACTIONS_011,,3,status_risolto,HIGH,HIGH,ABSENT,ABSENT,LOW,HIGH,HIGH,INSUFFICIENT_EVIDENCE
Claude Mainstream,NP_NP2_style_b::S3,NP_NP2_style_b,CELL_10,numerical_processing,style_b,3,TASK_FRACTIONS_028,,3,status_risolto,HIGH,HIGH,ABSENT,ABSENT,LOW,INSUFFICIENT_EVIDENCE,HIGH,INSUFFICIENT_EVIDENCE
Claude Mainstream,NP_NP2_style_b::S4,NP_NP2_style_b,CELL_10,numerical_processing,style_b,4,TASK_FRACTIONS_012,,9,status_risolto,HIGH,HIGH,ABSENT,ABSENT,LOW,INSUFFICIENT_EVIDENCE,HIGH,HIGH
Claude Mainstream,NP_NP2_style_b::S5,NP_NP2_style_b,CELL_10,numerical_processing,style_b,5,TASK_FRACTIONS_021,,4,status_risolto,HIGH,HIGH,ABSENT,ABSENT,LOW,HIGH,HIGH,INSUFFICIENT_EVIDENCE
Claude Mainstream,NP_NP3_style_b::S1,NP_NP3_style_b,CELL_05,numerical_processing,style_b,1,TASK_FRACTIONS_003,,3,status_risolto,LOW,HIGH,PRESENT,ABSENT,LOW,INSUFFICIENT_EVIDENCE,LOW,INSUFFICIENT_EVIDENCE
Claude Mainstream,NP_NP3_style_b::S2,NP_NP3_style_b,CELL_05,numerical_processing,style_b,2,TASK_FRACTIONS_002,,4,status_risolto,LOW,LOW,PRESENT,PRESENT,LOW,LOW,LOW,INSUFFICIENT_EVIDENCE
Claude Mainstream,NP_NP3_style_b::S3,NP_NP3_style_b,CELL_05,numerical_processing,style_b,3,TASK_FRACTIONS_025,,12,max_learner_turns_reached,LOW,HIGH,PRESENT,ABSENT,LOW,HIGH,LOW,HIGH
Claude Mainstream,NP_NP3_style_b::S4,NP_NP3_style_b,CELL_05,numerical_processing,style_b,4,TASK_FRACTIONS_017,,12,max_learner_turns_reached,LOW,LOW,PRESENT,PRESENT,LOW,HIGH,LOW,LOW
Claude Mainstream,NP_NP3_style_b::S5,NP_NP3_style_b,CELL_05,numerical_processing,style_b,5,TASK_FRACTIONS_026,,12,max_learner_turns_reached,LOW,HIGH,PRESENT,ABSENT,LOW,HIGH,LOW,INSUFFICIENT_EVIDENCE
Claude Mainstream,NP_NP4_style_a::S1,NP_NP4_style_a,CELL_16,numerical_processing,style_a,1,TASK_FRACTIONS_008,,9,status_risolto,HIGH,HIGH,PRESENT,ABSENT,HIGH,HIGH,HIGH,HIGH
Claude Mainstream,NP_NP4_style_a::S2,NP_NP4_style_a,CELL_16,numerical_processing,style_a,2,TASK_FRACTIONS_018,,3,status_risolto,HIGH,HIGH,PRESENT,ABSENT,HIGH,HIGH,HIGH,INSUFFICIENT_EVIDENCE
Claude Mainstream,NP_NP4_style_a::S3,NP_NP4_style_a,CELL_16,numerical_processing,style_a,3,TASK_FRACTIONS_029,,3,status_risolto,HIGH,HIGH,PRESENT,ABSENT,HIGH,HIGH,HIGH,INSUFFICIENT_EVIDENCE
Claude Mainstream,NP_NP4_style_a::S4,NP_NP4_style_a,CELL_16,numerical_processing,style_a,4,TASK_FRACTIONS_024,,5,status_risolto,HIGH,HIGH,PRESENT,ABSENT,HIGH,HIGH,HIGH,HIGH
Claude Mainstream,NP_NP4_style_a::S5,NP_NP4_style_a,CELL_16,numerical_processing,style_a,5,TASK_FRACTIONS_016,,5,status_risolto,HIGH,HIGH,PRESENT,ABSENT,HIGH,HIGH,HIGH,INSUFFICIENT_EVIDENCE
Mistral,CHVAR_CH01_CORE_CELL_01_style_a::S1,CHVAR_CH01_CORE_CELL_01_style_a,CELL_01,channel_variant,style_a,1,TASK_FRACTIONS_018,CORE_CELL_01_style_a,12,max_learner_turns_reached,LOW,HIGH,ABSENT,ABSENT,LOW,HIGH,LOW,INSUFFICIENT_EVIDENCE
Mistral,CHVAR_CH01_CORE_CELL_01_style_a::S2,CHVAR_CH01_CORE_CELL_01_style_a,CELL_01,channel_variant,style_a,2,TASK_FRACTIONS_023,CORE_CELL_01_style_a,8,status_risolto,LOW,HIGH,ABSENT,ABSENT,LOW,HIGH,LOW,HIGH
Mistral,CHVAR_CH01_CORE_CELL_01_style_a::S3,CHVAR_CH01_CORE_CELL_01_style_a,CELL_01,channel_variant,style_a,3,TASK_FRACTIONS_009,CORE_CELL_01_style_a,7,status_risolto,LOW,HIGH,ABSENT,ABSENT,LOW,HIGH,LOW,INSUFFICIENT_EVIDENCE
Mistral,CHVAR_CH01_CORE_CELL_01_style_a::S4,CHVAR_CH01_CORE_CELL_01_style_a,CELL_01,channel_variant,style_a,4,TASK_FRACTIONS_003,CORE_CELL_01_style_a,2,status_risolto,LOW,HIGH,ABSENT,ABSENT,LOW,HIGH,LOW,INSUFFICIENT_EVIDENCE
Mistral,CHVAR_CH01_CORE_CELL_01_style_a::S5,CHVAR_CH01_CORE_CELL_01_style_a,CELL_01,channel_variant,style_a,5,TASK_FRACTIONS_015,CORE_CELL_01_style_a,8,status_risolto,LOW,LOW,ABSENT,INSUFFICIENT_EVIDENCE,LOW,HIGH,LOW,INSUFFICIENT_EVIDENCE
Mistral,CHVAR_CH02_CORE_CELL_13_style_b::S1,CHVAR_CH02_CORE_CELL_13_style_b,CELL_13,channel_variant,style_b,1,TASK_FRACTIONS_009,CORE_CELL_13_style_b,8,status_risolto,HIGH,LOW,PRESENT,ABSENT,LOW,HIGH,LOW,LOW
Mistral,CHVAR_CH02_CORE_CELL_13_style_b::S2,CHVAR_CH02_CORE_CELL_13_style_b,CELL_13,channel_variant,style_b,2,TASK_FRACTIONS_014,CORE_CELL_13_style_b,4,status_risolto,HIGH,LOW,PRESENT,PRESENT,LOW,LOW,LOW,INSUFFICIENT_EVIDENCE
Mistral,CHVAR_CH02_CORE_CELL_13_style_b::S3,CHVAR_CH02_CORE_CELL_13_style_b,CELL_13,channel_variant,style_b,3,TASK_FRACTIONS_030,CORE_CELL_13_style_b,3,status_risolto,HIGH,HIGH,PRESENT,ABSENT,LOW,HIGH,LOW,HIGH
Mistral,CHVAR_CH02_CORE_CELL_13_style_b::S4,CHVAR_CH02_CORE_CELL_13_style_b,CELL_13,channel_variant,style_b,4,TASK_FRACTIONS_027,CORE_CELL_13_style_b,6,status_risolto,HIGH,HIGH,PRESENT,ABSENT,LOW,INSUFFICIENT_EVIDENCE,LOW,HIGH
Mistral,CHVAR_CH02_CORE_CELL_13_style_b::S5,CHVAR_CH02_CORE_CELL_13_style_b,CELL_13,channel_variant,style_b,5,TASK_FRACTIONS_023,CORE_CELL_13_style_b,12,max_learner_turns_reached,HIGH,HIGH,PRESENT,ABSENT,LOW,HIGH,LOW,HIGH
Mistral,CHVAR_CH03_CORE_CELL_11_style_a::S1,CHVAR_CH03_CORE_CELL_11_style_a,CELL_11,channel_variant,style_a,1,TASK_FRACTIONS_019,CORE_CELL_11_style_a,7,status_risolto,HIGH,HIGH,ABSENT,ABSENT,HIGH,HIGH,LOW,HIGH
Mistral,CHVAR_CH03_CORE_CELL_11_style_a::S2,CHVAR_CH03_CORE_CELL_11_style_a,CELL_11,channel_variant,style_a,2,TASK_FRACTIONS_020,CORE_CELL_11_style_a,12,max_learner_turns_reached,HIGH,HIGH,ABSENT,ABSENT,HIGH,HIGH,LOW,HIGH
Mistral,CHVAR_CH03_CORE_CELL_11_style_a::S3,CHVAR_CH03_CORE_CELL_11_style_a,CELL_11,channel_variant,style_a,3,TASK_FRACTIONS_022,CORE_CELL_11_style_a,4,status_risolto,HIGH,HIGH,ABSENT,ABSENT,HIGH,HIGH,LOW,INSUFFICIENT_EVIDENCE
Mistral,CHVAR_CH03_CORE_CELL_11_style_a::S4,CHVAR_CH03_CORE_CELL_11_style_a,CELL_11,channel_variant,style_a,4,TASK_FRACTIONS_028,CORE_CELL_11_style_a,12,max_learner_turns_reached,HIGH,HIGH,ABSENT,ABSENT,HIGH,HIGH,LOW,HIGH
Mistral,CHVAR_CH03_CORE_CELL_11_style_a::S5,CHVAR_CH03_CORE_CELL_11_style_a,CELL_11,channel_variant,style_a,5,TASK_FRACTIONS_001,CORE_CELL_11_style_a,12,max_learner_turns_reached,HIGH,HIGH,ABSENT,ABSENT,HIGH,HIGH,LOW,HIGH
Mistral,CHVAR_CH04_CORE_CELL_10_style_b::S1,CHVAR_CH04_CORE_CELL_10_style_b,CELL_10,channel_variant,style_b,1,TASK_FRACTIONS_020,CORE_CELL_10_style_b,4,status_risolto,HIGH,HIGH,ABSENT,ABSENT,LOW,INSUFFICIENT_EVIDENCE,HIGH,INSUFFICIENT_EVIDENCE
Mistral,CHVAR_CH04_CORE_CELL_10_style_b::S2,CHVAR_CH04_CORE_CELL_10_style_b,CELL_10,channel_variant,style_b,2,TASK_FRACTIONS_013,CORE_CELL_10_style_b,4,status_risolto,HIGH,HIGH,ABSENT,ABSENT,LOW,INSUFFICIENT_EVIDENCE,HIGH,INSUFFICIENT_EVIDENCE
Mistral,CHVAR_CH04_CORE_CELL_10_style_b::S3,CHVAR_CH04_CORE_CELL_10_style_b,CELL_10,channel_variant,style_b,3,TASK_FRACTIONS_010,CORE_CELL_10_style_b,5,status_risolto,HIGH,HIGH,ABSENT,ABSENT,LOW,INSUFFICIENT_EVIDENCE,HIGH,INSUFFICIENT_EVIDENCE
Mistral,CHVAR_CH04_CORE_CELL_10_style_b::S4,CHVAR_CH04_CORE_CELL_10_style_b,CELL_10,channel_variant,style_b,4,TASK_FRACTIONS_019,CORE_CELL_10_style_b,12,max_learner_turns_reached,HIGH,HIGH,ABSENT,ABSENT,LOW,HIGH,HIGH,HIGH
Mistral,CHVAR_CH04_CORE_CELL_10_style_b::S5,CHVAR_CH04_CORE_CELL_10_style_b,CELL_10,channel_variant,style_b,5,TASK_FRACTIONS_006,CORE_CELL_10_style_b,3,status_risolto,HIGH,HIGH,ABSENT,ABSENT,LOW,INSUFFICIENT_EVIDENCE,HIGH,INSUFFICIENT_EVIDENCE
Mistral,CHVAR_CH05_CORE_CELL_07_style_a::S1,CHVAR_CH05_CORE_CELL_07_style_a,CELL_07,channel_variant,style_a,1,TASK_FRACTIONS_030,CORE_CELL_07_style_a,12,max_learner_turns_reached,LOW,HIGH,PRESENT,ABSENT,HIGH,HIGH,LOW,HIGH
Mistral,CHVAR_CH05_CORE_CELL_07_style_a::S2,CHVAR_CH05_CORE_CELL_07_style_a,CELL_07,channel_variant,style_a,2,TASK_FRACTIONS_006,CORE_CELL_07_style_a,2,status_risolto,LOW,HIGH,PRESENT,ABSENT,HIGH,HIGH,LOW,INSUFFICIENT_EVIDENCE
Mistral,CHVAR_CH05_CORE_CELL_07_style_a::S3,CHVAR_CH05_CORE_CELL_07_style_a,CELL_07,channel_variant,style_a,3,TASK_FRACTIONS_014,CORE_CELL_07_style_a,12,max_learner_turns_reached,LOW,HIGH,PRESENT,ABSENT,HIGH,HIGH,LOW,HIGH
Mistral,CHVAR_CH05_CORE_CELL_07_style_a::S4,CHVAR_CH05_CORE_CELL_07_style_a,CELL_07,channel_variant,style_a,4,TASK_FRACTIONS_013,CORE_CELL_07_style_a,12,max_learner_turns_reached,LOW,HIGH,PRESENT,PRESENT,HIGH,HIGH,LOW,INSUFFICIENT_EVIDENCE
Mistral,CHVAR_CH05_CORE_CELL_07_style_a::S5,CHVAR_CH05_CORE_CELL_07_style_a,CELL_07,channel_variant,style_a,5,TASK_FRACTIONS_027,CORE_CELL_07_style_a,12,max_learner_turns_reached,LOW,HIGH,PRESENT,PRESENT,HIGH,HIGH,LOW,INSUFFICIENT_EVIDENCE
Mistral,CHVAR_CH06_CORE_CELL_06_style_b::S1,CHVAR_CH06_CORE_CELL_06_style_b,CELL_06,channel_variant,style_b,1,TASK_FRACTIONS_015,CORE_CELL_06_style_b,6,status_risolto,LOW,LOW,PRESENT,PRESENT,LOW,HIGH,HIGH,INSUFFICIENT_EVIDENCE
Mistral,CHVAR_CH06_CORE_CELL_06_style_b::S2,CHVAR_CH06_CORE_CELL_06_style_b,CELL_06,channel_variant,style_b,2,TASK_FRACTIONS_019,CORE_CELL_06_style_b,12,max_learner_turns_reached,LOW,LOW,PRESENT,PRESENT,LOW,HIGH,HIGH,LOW
Mistral,CHVAR_CH06_CORE_CELL_06_style_b::S3,CHVAR_CH06_CORE_CELL_06_style_b,CELL_06,channel_variant,style_b,3,TASK_FRACTIONS_005,CORE_CELL_06_style_b,3,status_risolto,LOW,LOW,PRESENT,ABSENT,LOW,LOW,HIGH,INSUFFICIENT_EVIDENCE
Mistral,CHVAR_CH06_CORE_CELL_06_style_b::S4,CHVAR_CH06_CORE_CELL_06_style_b,CELL_06,channel_variant,style_b,4,TASK_FRACTIONS_026,CORE_CELL_06_style_b,12,max_learner_turns_reached,LOW,HIGH,PRESENT,ABSENT,LOW,HIGH,HIGH,HIGH
Mistral,CHVAR_CH06_CORE_CELL_06_style_b::S5,CHVAR_CH06_CORE_CELL_06_style_b,CELL_06,channel_variant,style_b,5,TASK_FRACTIONS_020,CORE_CELL_06_style_b,12,max_learner_turns_reached,LOW,LOW,PRESENT,PRESENT,LOW,LOW,HIGH,INSUFFICIENT_EVIDENCE
Mistral,CHVAR_CH07_CORE_CELL_04_style_a::S1,CHVAR_CH07_CORE_CELL_04_style_a,CELL_04,channel_variant,style_a,1,TASK_FRACTIONS_028,CORE_CELL_04_style_a,12,max_learner_turns_reached,LOW,HIGH,ABSENT,ABSENT,HIGH,HIGH,HIGH,INSUFFICIENT_EVIDENCE
Mistral,CHVAR_CH07_CORE_CELL_04_style_a::S2,CHVAR_CH07_CORE_CELL_04_style_a,CELL_04,channel_variant,style_a,2,TASK_FRACTIONS_025,CORE_CELL_04_style_a,10,status_risolto,LOW,HIGH,ABSENT,ABSENT,HIGH,HIGH,HIGH,HIGH
Mistral,CHVAR_CH07_CORE_CELL_04_style_a::S3,CHVAR_CH07_CORE_CELL_04_style_a,CELL_04,channel_variant,style_a,3,TASK_FRACTIONS_004,CORE_CELL_04_style_a,12,max_learner_turns_reached,LOW,HIGH,ABSENT,ABSENT,HIGH,HIGH,HIGH,INSUFFICIENT_EVIDENCE
Mistral,CHVAR_CH07_CORE_CELL_04_style_a::S4,CHVAR_CH07_CORE_CELL_04_style_a,CELL_04,channel_variant,style_a,4,TASK_FRACTIONS_001,CORE_CELL_04_style_a,10,status_risolto,LOW,HIGH,ABSENT,ABSENT,HIGH,HIGH,HIGH,INSUFFICIENT_EVIDENCE
Mistral,CHVAR_CH07_CORE_CELL_04_style_a::S5,CHVAR_CH07_CORE_CELL_04_style_a,CELL_04,channel_variant,style_a,5,TASK_FRACTIONS_015,CORE_CELL_04_style_a,12,max_learner_turns_reached,LOW,HIGH,ABSENT,ABSENT,HIGH,HIGH,HIGH,INSUFFICIENT_EVIDENCE
Mistral,CHVAR_CH08_CORE_CELL_16_style_b::S1,CHVAR_CH08_CORE_CELL_16_style_b,CELL_16,channel_variant,style_b,1,TASK_FRACTIONS_011,CORE_CELL_16_style_b,2,status_risolto,HIGH,HIGH,PRESENT,ABSENT,HIGH,HIGH,HIGH,INSUFFICIENT_EVIDENCE
Mistral,CHVAR_CH08_CORE_CELL_16_style_b::S2,CHVAR_CH08_CORE_CELL_16_style_b,CELL_16,channel_variant,style_b,2,TASK_FRACTIONS_001,CORE_CELL_16_style_b,12,max_learner_turns_reached,HIGH,HIGH,PRESENT,ABSENT,HIGH,HIGH,HIGH,INSUFFICIENT_EVIDENCE
Mistral,CHVAR_CH08_CORE_CELL_16_style_b::S3,CHVAR_CH08_CORE_CELL_16_style_b,CELL_16,channel_variant,style_b,3,TASK_FRACTIONS_012,CORE_CELL_16_style_b,2,status_risolto,HIGH,HIGH,PRESENT,ABSENT,HIGH,LOW,HIGH,INSUFFICIENT_EVIDENCE
Mistral,CHVAR_CH08_CORE_CELL_16_style_b::S4,CHVAR_CH08_CORE_CELL_16_style_b,CELL_16,channel_variant,style_b,4,TASK_FRACTIONS_021,CORE_CELL_16_style_b,4,status_risolto,HIGH,HIGH,PRESENT,ABSENT,HIGH,HIGH,HIGH,INSUFFICIENT_EVIDENCE
Mistral,CHVAR_CH08_CORE_CELL_16_style_b::S5,CHVAR_CH08_CORE_CELL_16_style_b,CELL_16,channel_variant,style_b,5,TASK_FRACTIONS_005,CORE_CELL_16_style_b,2,status_risolto,HIGH,HIGH,PRESENT,ABSENT,HIGH,INSUFFICIENT_EVIDENCE,HIGH,INSUFFICIENT_EVIDENCE
Mistral,CORE_CELL_01_style_a::S1,CORE_CELL_01_style_a,CELL_01,core,style_a,1,TASK_FRACTIONS_018,,4,status_risolto,LOW,LOW,ABSENT,ABSENT,LOW,HIGH,LOW,INSUFFICIENT_EVIDENCE
Mistral,CORE_CELL_01_style_a::S2,CORE_CELL_01_style_a,CELL_01,core,style_a,2,TASK_FRACTIONS_023,,3,status_risolto,LOW,HIGH,ABSENT,ABSENT,LOW,HIGH,LOW,INSUFFICIENT_EVIDENCE
Mistral,CORE_CELL_01_style_a::S3,CORE_CELL_01_style_a,CELL_01,core,style_a,3,TASK_FRACTIONS_009,,3,status_risolto,LOW,LOW,ABSENT,ABSENT,LOW,HIGH,LOW,INSUFFICIENT_EVIDENCE
Mistral,CORE_CELL_01_style_a::S4,CORE_CELL_01_style_a,CELL_01,core,style_a,4,TASK_FRACTIONS_003,,12,max_learner_turns_reached,LOW,HIGH,ABSENT,ABSENT,LOW,HIGH,LOW,HIGH
Mistral,CORE_CELL_01_style_a::S5,CORE_CELL_01_style_a,CELL_01,core,style_a,5,TASK_FRACTIONS_015,,11,status_risolto,LOW,HIGH,ABSENT,ABSENT,LOW,HIGH,LOW,INSUFFICIENT_EVIDENCE
Mistral,CORE_CELL_01_style_b::S1,CORE_CELL_01_style_b,CELL_01,core,style_b,1,TASK_FRACTIONS_002,,12,max_learner_turns_reached,LOW,HIGH,ABSENT,ABSENT,LOW,HIGH,LOW,HIGH
Mistral,CORE_CELL_01_style_b::S2,CORE_CELL_01_style_b,CELL_01,core,style_b,2,TASK_FRACTIONS_027,,8,status_risolto,LOW,HIGH,ABSENT,ABSENT,LOW,HIGH,LOW,HIGH
Mistral,CORE_CELL_01_style_b::S3,CORE_CELL_01_style_b,CELL_01,core,style_b,3,TASK_FRACTIONS_004,,12,max_learner_turns_reached,LOW,HIGH,ABSENT,ABSENT,LOW,HIGH,LOW,INSUFFICIENT_EVIDENCE
Mistral,CORE_CELL_01_style_b::S4,CORE_CELL_01_style_b,CELL_01,core,style_b,4,TASK_FRACTIONS_017,,12,max_learner_turns_reached,LOW,HIGH,ABSENT,PRESENT,LOW,HIGH,LOW,INSUFFICIENT_EVIDENCE
Mistral,CORE_CELL_01_style_b::S5,CORE_CELL_01_style_b,CELL_01,core,style_b,5,TASK_FRACTIONS_008,,6,status_risolto,LOW,HIGH,ABSENT,ABSENT,LOW,HIGH,LOW,INSUFFICIENT_EVIDENCE
Mistral,CORE_CELL_02_style_a::S1,CORE_CELL_02_style_a,CELL_02,core,style_a,1,TASK_FRACTIONS_023,,3,status_risolto,LOW,HIGH,ABSENT,ABSENT,LOW,HIGH,HIGH,INSUFFICIENT_EVIDENCE
Mistral,CORE_CELL_02_style_a::S2,CORE_CELL_02_style_a,CELL_02,core,style_a,2,TASK_FRACTIONS_024,,12,max_learner_turns_reached,LOW,HIGH,ABSENT,ABSENT,LOW,HIGH,HIGH,HIGH
Mistral,CORE_CELL_02_style_a::S3,CORE_CELL_02_style_a,CELL_02,core,style_a,3,TASK_FRACTIONS_015,,6,status_risolto,LOW,HIGH,ABSENT,ABSENT,LOW,HIGH,HIGH,INSUFFICIENT_EVIDENCE
Mistral,CORE_CELL_02_style_a::S4,CORE_CELL_02_style_a,CELL_02,core,style_a,4,TASK_FRACTIONS_009,,12,max_learner_turns_reached,LOW,HIGH,ABSENT,ABSENT,LOW,HIGH,HIGH,INSUFFICIENT_EVIDENCE
Mistral,CORE_CELL_02_style_a::S5,CORE_CELL_02_style_a,CELL_02,core,style_a,5,TASK_FRACTIONS_003,,2,status_risolto,LOW,HIGH,ABSENT,ABSENT,LOW,HIGH,HIGH,INSUFFICIENT_EVIDENCE
Mistral,CORE_CELL_02_style_b::S1,CORE_CELL_02_style_b,CELL_02,core,style_b,1,TASK_FRACTIONS_020,,12,max_learner_turns_reached,LOW,HIGH,ABSENT,ABSENT,LOW,HIGH,HIGH,HIGH
Mistral,CORE_CELL_02_style_b::S2,CORE_CELL_02_style_b,CELL_02,core,style_b,2,TASK_FRACTIONS_013,,12,max_learner_turns_reached,LOW,HIGH,ABSENT,ABSENT,LOW,HIGH,HIGH,INSUFFICIENT_EVIDENCE
Mistral,CORE_CELL_02_style_b::S3,CORE_CELL_02_style_b,CELL_02,core,style_b,3,TASK_FRACTIONS_010,,12,max_learner_turns_reached,LOW,HIGH,ABSENT,ABSENT,LOW,HIGH,HIGH,INSUFFICIENT_EVIDENCE
Mistral,CORE_CELL_02_style_b::S4,CORE_CELL_02_style_b,CELL_02,core,style_b,4,TASK_FRACTIONS_019,,2,status_risolto,LOW,HIGH,ABSENT,ABSENT,LOW,INSUFFICIENT_EVIDENCE,HIGH,INSUFFICIENT_EVIDENCE
Mistral,CORE_CELL_02_style_b::S5,CORE_CELL_02_style_b,CELL_02,core,style_b,5,TASK_FRACTIONS_006,,2,status_risolto,LOW,HIGH,ABSENT,ABSENT,LOW,HIGH,HIGH,INSUFFICIENT_EVIDENCE
Mistral,CORE_CELL_03_style_a::S1,CORE_CELL_03_style_a,CELL_03,core,style_a,1,TASK_FRACTIONS_019,,4,status_risolto,LOW,HIGH,ABSENT,ABSENT,HIGH,HIGH,LOW,INSUFFICIENT_EVIDENCE
Mistral,CORE_CELL_03_style_a::S2,CORE_CELL_03_style_a,CELL_03,core,style_a,2,TASK_FRACTIONS_020,,8,status_risolto,LOW,HIGH,ABSENT,ABSENT,HIGH,HIGH,LOW,INSUFFICIENT_EVIDENCE
Mistral,CORE_CELL_03_style_a::S3,CORE_CELL_03_style_a,CELL_03,core,style_a,3,TASK_FRACTIONS_022,,12,max_learner_turns_reached,LOW,HIGH,ABSENT,ABSENT,HIGH,HIGH,LOW,INSUFFICIENT_EVIDENCE
Mistral,CORE_CELL_03_style_a::S4,CORE_CELL_03_style_a,CELL_03,core,style_a,4,TASK_FRACTIONS_028,,6,status_risolto,LOW,HIGH,ABSENT,ABSENT,HIGH,HIGH,LOW,INSUFFICIENT_EVIDENCE
Mistral,CORE_CELL_03_style_a::S5,CORE_CELL_03_style_a,CELL_03,core,style_a,5,TASK_FRACTIONS_001,,12,max_learner_turns_reached,LOW,HIGH,ABSENT,ABSENT,HIGH,HIGH,LOW,INSUFFICIENT_EVIDENCE
Mistral,CORE_CELL_03_style_b::S1,CORE_CELL_03_style_b,CELL_03,core,style_b,1,TASK_FRACTIONS_009,,12,max_learner_turns_reached,LOW,HIGH,ABSENT,ABSENT,HIGH,HIGH,LOW,HIGH
Mistral,CORE_CELL_03_style_b::S2,CORE_CELL_03_style_b,CELL_03,core,style_b,2,TASK_FRACTIONS_004,,12,max_learner_turns_reached,LOW,HIGH,ABSENT,ABSENT,HIGH,HIGH,LOW,INSUFFICIENT_EVIDENCE
Mistral,CORE_CELL_03_style_b::S3,CORE_CELL_03_style_b,CELL_03,core,style_b,3,TASK_FRACTIONS_024,,12,max_learner_turns_reached,LOW,HIGH,ABSENT,ABSENT,HIGH,HIGH,LOW,INSUFFICIENT_EVIDENCE
Mistral,CORE_CELL_03_style_b::S4,CORE_CELL_03_style_b,CELL_03,core,style_b,4,TASK_FRACTIONS_010,,12,max_learner_turns_reached,LOW,HIGH,ABSENT,ABSENT,HIGH,HIGH,LOW,INSUFFICIENT_EVIDENCE
Mistral,CORE_CELL_03_style_b::S5,CORE_CELL_03_style_b,CELL_03,core,style_b,5,TASK_FRACTIONS_018,,5,status_risolto,LOW,HIGH,ABSENT,ABSENT,HIGH,HIGH,LOW,INSUFFICIENT_EVIDENCE
Mistral,CORE_CELL_04_style_a::S1,CORE_CELL_04_style_a,CELL_04,core,style_a,1,TASK_FRACTIONS_028,,5,status_risolto,LOW,HIGH,ABSENT,ABSENT,HIGH,HIGH,HIGH,INSUFFICIENT_EVIDENCE
Mistral,CORE_CELL_04_style_a::S2,CORE_CELL_04_style_a,CELL_04,core,style_a,2,TASK_FRACTIONS_025,,12,max_learner_turns_reached,LOW,HIGH,ABSENT,ABSENT,HIGH,HIGH,HIGH,HIGH
Mistral,CORE_CELL_04_style_a::S3,CORE_CELL_04_style_a,CELL_04,core,style_a,3,TASK_FRACTIONS_004,,12,max_learner_turns_reached,LOW,HIGH,ABSENT,ABSENT,HIGH,HIGH,HIGH,INSUFFICIENT_EVIDENCE
Mistral,CORE_CELL_04_style_a::S4,CORE_CELL_04_style_a,CELL_04,core,style_a,4,TASK_FRACTIONS_001,,12,max_learner_turns_reached,LOW,HIGH,ABSENT,ABSENT,HIGH,HIGH,HIGH,INSUFFICIENT_EVIDENCE
Mistral,CORE_CELL_04_style_a::S5,CORE_CELL_04_style_a,CELL_04,core,style_a,5,TASK_FRACTIONS_015,,12,max_learner_turns_reached,LOW,HIGH,ABSENT,ABSENT,HIGH,HIGH,HIGH,HIGH
Mistral,CORE_CELL_04_style_b::S1,CORE_CELL_04_style_b,CELL_04,core,style_b,1,TASK_FRACTIONS_026,,10,status_risolto,LOW,HIGH,ABSENT,ABSENT,HIGH,HIGH,HIGH,HIGH
Mistral,CORE_CELL_04_style_b::S2,CORE_CELL_04_style_b,CELL_04,core,style_b,2,TASK_FRACTIONS_017,,12,max_learner_turns_reached,LOW,HIGH,ABSENT,ABSENT,HIGH,HIGH,HIGH,HIGH
Mistral,CORE_CELL_04_style_b::S3,CORE_CELL_04_style_b,CELL_04,core,style_b,3,TASK_FRACTIONS_016,,5,status_risolto,LOW,HIGH,ABSENT,ABSENT,HIGH,HIGH,HIGH,INSUFFICIENT_EVIDENCE
Mistral,CORE_CELL_04_style_b::S4,CORE_CELL_04_style_b,CELL_04,core,style_b,4,TASK_FRACTIONS_003,,12,max_learner_turns_reached,LOW,HIGH,ABSENT,ABSENT,HIGH,HIGH,HIGH,INSUFFICIENT_EVIDENCE
Mistral,CORE_CELL_04_style_b::S5,CORE_CELL_04_style_b,CELL_04,core,style_b,5,TASK_FRACTIONS_023,,2,status_risolto,LOW,HIGH,ABSENT,ABSENT,HIGH,HIGH,HIGH,INSUFFICIENT_EVIDENCE
Mistral,CORE_CELL_05_style_a::S1,CORE_CELL_05_style_a,CELL_05,core,style_a,1,TASK_FRACTIONS_022,,12,max_learner_turns_reached,LOW,LOW,PRESENT,PRESENT,LOW,HIGH,LOW,INSUFFICIENT_EVIDENCE
Mistral,CORE_CELL_05_style_a::S2,CORE_CELL_05_style_a,CELL_05,core,style_a,2,TASK_FRACTIONS_021,,6,status_risolto,LOW,LOW,PRESENT,PRESENT,LOW,HIGH,LOW,INSUFFICIENT_EVIDENCE
Mistral,CORE_CELL_05_style_a::S3,CORE_CELL_05_style_a,CELL_05,core,style_a,3,TASK_FRACTIONS_026,,12,max_learner_turns_reached,LOW,LOW,PRESENT,PRESENT,LOW,HIGH,LOW,INSUFFICIENT_EVIDENCE
Mistral,CORE_CELL_05_style_a::S4,CORE_CELL_05_style_a,CELL_05,core,style_a,4,TASK_FRACTIONS_007,,12,max_learner_turns_reached,LOW,HIGH,PRESENT,ABSENT,LOW,HIGH,LOW,LOW
Mistral,CORE_CELL_05_style_a::S5,CORE_CELL_05_style_a,CELL_05,core,style_a,5,TASK_FRACTIONS_008,,12,max_learner_turns_reached,LOW,HIGH,PRESENT,PRESENT,LOW,HIGH,LOW,INSUFFICIENT_EVIDENCE
Mistral,CORE_CELL_05_style_b::S1,CORE_CELL_05_style_b,CELL_05,core,style_b,1,TASK_FRACTIONS_009,,12,max_learner_turns_reached,LOW,LOW,PRESENT,PRESENT,LOW,HIGH,LOW,INSUFFICIENT_EVIDENCE
Mistral,CORE_CELL_05_style_b::S2,CORE_CELL_05_style_b,CELL_05,core,style_b,2,TASK_FRACTIONS_014,,12,max_learner_turns_reached,LOW,LOW,PRESENT,PRESENT,LOW,HIGH,LOW,INSUFFICIENT_EVIDENCE
Mistral,CORE_CELL_05_style_b::S3,CORE_CELL_05_style_b,CELL_05,core,style_b,3,TASK_FRACTIONS_030,,4,status_risolto,LOW,HIGH,PRESENT,ABSENT,LOW,HIGH,LOW,INSUFFICIENT_EVIDENCE
Mistral,CORE_CELL_05_style_b::S4,CORE_CELL_05_style_b,CELL_05,core,style_b,4,TASK_FRACTIONS_027,,2,status_risolto,LOW,HIGH,PRESENT,ABSENT,LOW,LOW,LOW,INSUFFICIENT_EVIDENCE
Mistral,CORE_CELL_05_style_b::S5,CORE_CELL_05_style_b,CELL_05,core,style_b,5,TASK_FRACTIONS_023,,4,status_risolto,LOW,LOW,PRESENT,ABSENT,LOW,HIGH,LOW,INSUFFICIENT_EVIDENCE
Mistral,CORE_CELL_06_style_a::S1,CORE_CELL_06_style_a,CELL_06,core,style_a,1,TASK_FRACTIONS_004,,5,status_risolto,LOW,LOW,PRESENT,ABSENT,LOW,HIGH,HIGH,INSUFFICIENT_EVIDENCE
Mistral,CORE_CELL_06_style_a::S2,CORE_CELL_06_style_a,CELL_06,core,style_a,2,TASK_FRACTIONS_007,,12,max_learner_turns_reached,LOW,LOW,PRESENT,PRESENT,LOW,HIGH,HIGH,LOW
Mistral,CORE_CELL_06_style_a::S3,CORE_CELL_06_style_a,CELL_06,core,style_a,3,TASK_FRACTIONS_017,,12,max_learner_turns_reached,LOW,LOW,PRESENT,PRESENT,LOW,HIGH,HIGH,INSUFFICIENT_EVIDENCE
Mistral,CORE_CELL_06_style_a::S4,CORE_CELL_06_style_a,CELL_06,core,style_a,4,TASK_FRACTIONS_023,,12,max_learner_turns_reached,LOW,LOW,PRESENT,PRESENT,LOW,HIGH,HIGH,INSUFFICIENT_EVIDENCE
Mistral,CORE_CELL_06_style_a::S5,CORE_CELL_06_style_a,CELL_06,core,style_a,5,TASK_FRACTIONS_021,,10,status_risolto,LOW,LOW,PRESENT,PRESENT,LOW,HIGH,HIGH,LOW
Mistral,CORE_CELL_06_style_b::S1,CORE_CELL_06_style_b,CELL_06,core,style_b,1,TASK_FRACTIONS_015,,5,status_risolto,LOW,HIGH,PRESENT,ABSENT,LOW,HIGH,HIGH,INSUFFICIENT_EVIDENCE
Mistral,CORE_CELL_06_style_b::S2,CORE_CELL_06_style_b,CELL_06,core,style_b,2,TASK_FRACTIONS_019,,3,status_risolto,LOW,LOW,PRESENT,ABSENT,LOW,LOW,HIGH,INSUFFICIENT_EVIDENCE
Mistral,CORE_CELL_06_style_b::S3,CORE_CELL_06_style_b,CELL_06,core,style_b,3,TASK_FRACTIONS_005,,3,status_risolto,LOW,HIGH,PRESENT,ABSENT,LOW,HIGH,HIGH,INSUFFICIENT_EVIDENCE
Mistral,CORE_CELL_06_style_b::S4,CORE_CELL_06_style_b,CELL_06,core,style_b,4,TASK_FRACTIONS_026,,2,status_risolto,LOW,HIGH,PRESENT,ABSENT,LOW,INSUFFICIENT_EVIDENCE,HIGH,INSUFFICIENT_EVIDENCE
Mistral,CORE_CELL_06_style_b::S5,CORE_CELL_06_style_b,CELL_06,core,style_b,5,TASK_FRACTIONS_020,,12,max_learner_turns_reached,LOW,LOW,PRESENT,PRESENT,LOW,HIGH,HIGH,INSUFFICIENT_EVIDENCE
Mistral,CORE_CELL_07_style_a::S1,CORE_CELL_07_style_a,CELL_07,core,style_a,1,TASK_FRACTIONS_030,,12,max_learner_turns_reached,LOW,HIGH,PRESENT,ABSENT,HIGH,HIGH,LOW,HIGH
Mistral,CORE_CELL_07_style_a::S2,CORE_CELL_07_style_a,CELL_07,core,style_a,2,TASK_FRACTIONS_006,,12,max_learner_turns_reached,LOW,HIGH,PRESENT,ABSENT,HIGH,HIGH,LOW,HIGH
Mistral,CORE_CELL_07_style_a::S3,CORE_CELL_07_style_a,CELL_07,core,style_a,3,TASK_FRACTIONS_014,,11,status_risolto,LOW,HIGH,PRESENT,ABSENT,HIGH,HIGH,LOW,HIGH
Mistral,CORE_CELL_07_style_a::S4,CORE_CELL_07_style_a,CELL_07,core,style_a,4,TASK_FRACTIONS_013,,12,max_learner_turns_reached,LOW,HIGH,PRESENT,ABSENT,HIGH,HIGH,LOW,HIGH
Mistral,CORE_CELL_07_style_a::S5,CORE_CELL_07_style_a,CELL_07,core,style_a,5,TASK_FRACTIONS_027,,12,max_learner_turns_reached,LOW,HIGH,PRESENT,ABSENT,HIGH,HIGH,LOW,HIGH
Mistral,CORE_CELL_07_style_b::S1,CORE_CELL_07_style_b,CELL_07,core,style_b,1,TASK_FRACTIONS_003,,12,max_learner_turns_reached,LOW,HIGH,PRESENT,ABSENT,HIGH,HIGH,LOW,INSUFFICIENT_EVIDENCE
Mistral,CORE_CELL_07_style_b::S2,CORE_CELL_07_style_b,CELL_07,core,style_b,2,TASK_FRACTIONS_025,,7,status_risolto,LOW,HIGH,PRESENT,ABSENT,HIGH,HIGH,LOW,HIGH
Mistral,CORE_CELL_07_style_b::S3,CORE_CELL_07_style_b,CELL_07,core,style_b,3,TASK_FRACTIONS_007,,12,max_learner_turns_reached,LOW,HIGH,PRESENT,ABSENT,HIGH,HIGH,LOW,INSUFFICIENT_EVIDENCE
Mistral,CORE_CELL_07_style_b::S4,CORE_CELL_07_style_b,CELL_07,core,style_b,4,TASK_FRACTIONS_004,,12,max_learner_turns_reached,LOW,HIGH,PRESENT,ABSENT,HIGH,HIGH,LOW,INSUFFICIENT_EVIDENCE
Mistral,CORE_CELL_07_style_b::S5,CORE_CELL_07_style_b,CELL_07,core,style_b,5,TASK_FRACTIONS_017,,12,max_learner_turns_reached,LOW,HIGH,PRESENT,ABSENT,HIGH,HIGH,LOW,HIGH
Mistral,CORE_CELL_08_style_a::S1,CORE_CELL_08_style_a,CELL_08,core,style_a,1,TASK_FRACTIONS_006,,3,status_risolto,LOW,HIGH,PRESENT,ABSENT,HIGH,HIGH,HIGH,INSUFFICIENT_EVIDENCE
Mistral,CORE_CELL_08_style_a::S2,CORE_CELL_08_style_a,CELL_08,core,style_a,2,TASK_FRACTIONS_008,,11,status_risolto,LOW,HIGH,PRESENT,ABSENT,HIGH,HIGH,HIGH,HIGH
Mistral,CORE_CELL_08_style_a::S3,CORE_CELL_08_style_a,CELL_08,core,style_a,3,TASK_FRACTIONS_016,,12,max_learner_turns_reached,LOW,HIGH,PRESENT,ABSENT,HIGH,HIGH,HIGH,HIGH
Mistral,CORE_CELL_08_style_a::S4,CORE_CELL_08_style_a,CELL_08,core,style_a,4,TASK_FRACTIONS_029,,12,max_learner_turns_reached,LOW,HIGH,PRESENT,ABSENT,HIGH,HIGH,HIGH,HIGH
Mistral,CORE_CELL_08_style_a::S5,CORE_CELL_08_style_a,CELL_08,core,style_a,5,TASK_FRACTIONS_024,,5,status_risolto,LOW,HIGH,PRESENT,ABSENT,HIGH,HIGH,HIGH,INSUFFICIENT_EVIDENCE
Mistral,CORE_CELL_08_style_b::S1,CORE_CELL_08_style_b,CELL_08,core,style_b,1,TASK_FRACTIONS_011,,12,max_learner_turns_reached,LOW,HIGH,PRESENT,ABSENT,HIGH,HIGH,HIGH,INSUFFICIENT_EVIDENCE
Mistral,CORE_CELL_08_style_b::S2,CORE_CELL_08_style_b,CELL_08,core,style_b,2,TASK_FRACTIONS_001,,3,status_risolto,LOW,HIGH,PRESENT,ABSENT,HIGH,HIGH,HIGH,INSUFFICIENT_EVIDENCE
Mistral,CORE_CELL_08_style_b::S3,CORE_CELL_08_style_b,CELL_08,core,style_b,3,TASK_FRACTIONS_012,,4,status_risolto,LOW,HIGH,PRESENT,ABSENT,HIGH,HIGH,HIGH,INSUFFICIENT_EVIDENCE
Mistral,CORE_CELL_08_style_b::S4,CORE_CELL_08_style_b,CELL_08,core,style_b,4,TASK_FRACTIONS_021,,8,status_risolto,LOW,HIGH,PRESENT,ABSENT,HIGH,HIGH,HIGH,INSUFFICIENT_EVIDENCE
Mistral,CORE_CELL_08_style_b::S5,CORE_CELL_08_style_b,CELL_08,core,style_b,5,TASK_FRACTIONS_005,,3,status_risolto,LOW,HIGH,PRESENT,ABSENT,HIGH,HIGH,HIGH,INSUFFICIENT_EVIDENCE
Mistral,CORE_CELL_09_style_a::S1,CORE_CELL_09_style_a,CELL_09,core,style_a,1,TASK_FRACTIONS_002,,5,status_risolto,HIGH,HIGH,ABSENT,ABSENT,LOW,HIGH,LOW,HIGH
Mistral,CORE_CELL_09_style_a::S2,CORE_CELL_09_style_a,CELL_09,core,style_a,2,TASK_FRACTIONS_022,,6,status_risolto,HIGH,HIGH,ABSENT,ABSENT,LOW,INSUFFICIENT_EVIDENCE,LOW,HIGH
Mistral,CORE_CELL_09_style_a::S3,CORE_CELL_09_style_a,CELL_09,core,style_a,3,TASK_FRACTIONS_015,,5,status_risolto,HIGH,HIGH,ABSENT,ABSENT,LOW,HIGH,LOW,INSUFFICIENT_EVIDENCE
Mistral,CORE_CELL_09_style_a::S4,CORE_CELL_09_style_a,CELL_09,core,style_a,4,TASK_FRACTIONS_012,,3,status_risolto,HIGH,HIGH,ABSENT,ABSENT,LOW,INSUFFICIENT_EVIDENCE,LOW,INSUFFICIENT_EVIDENCE
Mistral,CORE_CELL_09_style_a::S5,CORE_CELL_09_style_a,CELL_09,core,style_a,5,TASK_FRACTIONS_024,,3,status_risolto,HIGH,HIGH,ABSENT,ABSENT,LOW,INSUFFICIENT_EVIDENCE,LOW,INSUFFICIENT_EVIDENCE
Mistral,CORE_CELL_09_style_b::S1,CORE_CELL_09_style_b,CELL_09,core,style_b,1,TASK_FRACTIONS_010,,2,status_risolto,HIGH,HIGH,ABSENT,ABSENT,LOW,INSUFFICIENT_EVIDENCE,LOW,INSUFFICIENT_EVIDENCE
Mistral,CORE_CELL_09_style_b::S2,CORE_CELL_09_style_b,CELL_09,core,style_b,2,TASK_FRACTIONS_009,,6,status_risolto,HIGH,HIGH,ABSENT,ABSENT,LOW,HIGH,LOW,INSUFFICIENT_EVIDENCE
Mistral,CORE_CELL_09_style_b::S3,CORE_CELL_09_style_b,CELL_09,core,style_b,3,TASK_FRACTIONS_022,,12,max_learner_turns_reached,HIGH,HIGH,ABSENT,ABSENT,LOW,HIGH,LOW,HIGH
Mistral,CORE_CELL_09_style_b::S4,CORE_CELL_09_style_b,CELL_09,core,style_b,4,TASK_FRACTIONS_007,,10,status_risolto,HIGH,HIGH,ABSENT,PRESENT,LOW,LOW,LOW,HIGH
Mistral,CORE_CELL_09_style_b::S5,CORE_CELL_09_style_b,CELL_09,core,style_b,5,TASK_FRACTIONS_004,,5,status_risolto,HIGH,HIGH,ABSENT,ABSENT,LOW,HIGH,LOW,INSUFFICIENT_EVIDENCE
Mistral,CORE_CELL_10_style_a::S1,CORE_CELL_10_style_a,CELL_10,core,style_a,1,TASK_FRACTIONS_016,,11,status_risolto,HIGH,HIGH,ABSENT,ABSENT,LOW,HIGH,HIGH,INSUFFICIENT_EVIDENCE
Mistral,CORE_CELL_10_style_a::S2,CORE_CELL_10_style_a,CELL_10,core,style_a,2,TASK_FRACTIONS_024,,4,status_risolto,HIGH,HIGH,ABSENT,ABSENT,LOW,HIGH,HIGH,INSUFFICIENT_EVIDENCE
Mistral,CORE_CELL_10_style_a::S3,CORE_CELL_10_style_a,CELL_10,core,style_a,3,TASK_FRACTIONS_008,,9,status_risolto,HIGH,HIGH,ABSENT,ABSENT,LOW,INSUFFICIENT_EVIDENCE,HIGH,HIGH
Mistral,CORE_CELL_10_style_a::S4,CORE_CELL_10_style_a,CELL_10,core,style_a,4,TASK_FRACTIONS_018,,7,status_risolto,HIGH,HIGH,ABSENT,ABSENT,LOW,HIGH,HIGH,INSUFFICIENT_EVIDENCE
Mistral,CORE_CELL_10_style_a::S5,CORE_CELL_10_style_a,CELL_10,core,style_a,5,TASK_FRACTIONS_029,,3,status_risolto,HIGH,HIGH,ABSENT,ABSENT,LOW,INSUFFICIENT_EVIDENCE,HIGH,HIGH
Mistral,CORE_CELL_10_style_b::S1,CORE_CELL_10_style_b,CELL_10,core,style_b,1,TASK_FRACTIONS_020,,12,max_learner_turns_reached,HIGH,HIGH,ABSENT,ABSENT,LOW,INSUFFICIENT_EVIDENCE,HIGH,HIGH
Mistral,CORE_CELL_10_style_b::S2,CORE_CELL_10_style_b,CELL_10,core,style_b,2,TASK_FRACTIONS_013,,3,status_risolto,HIGH,HIGH,ABSENT,ABSENT,LOW,LOW,HIGH,INSUFFICIENT_EVIDENCE
Mistral,CORE_CELL_10_style_b::S3,CORE_CELL_10_style_b,CELL_10,core,style_b,3,TASK_FRACTIONS_010,,4,status_risolto,HIGH,HIGH,ABSENT,ABSENT,LOW,INSUFFICIENT_EVIDENCE,HIGH,INSUFFICIENT_EVIDENCE
Mistral,CORE_CELL_10_style_b::S4,CORE_CELL_10_style_b,CELL_10,core,style_b,4,TASK_FRACTIONS_019,,12,max_learner_turns_reached,HIGH,HIGH,ABSENT,ABSENT,LOW,INSUFFICIENT_EVIDENCE,HIGH,HIGH
Mistral,CORE_CELL_10_style_b::S5,CORE_CELL_10_style_b,CELL_10,core,style_b,5,TASK_FRACTIONS_006,,9,status_risolto,HIGH,HIGH,ABSENT,ABSENT,LOW,INSUFFICIENT_EVIDENCE,HIGH,HIGH
Mistral,CORE_CELL_11_style_a::S1,CORE_CELL_11_style_a,CELL_11,core,style_a,1,TASK_FRACTIONS_019,,9,status_risolto,HIGH,HIGH,ABSENT,ABSENT,HIGH,HIGH,LOW,HIGH
Mistral,CORE_CELL_11_style_a::S2,CORE_CELL_11_style_a,CELL_11,core,style_a,2,TASK_FRACTIONS_020,,12,status_risolto,HIGH,HIGH,ABSENT,ABSENT,HIGH,HIGH,LOW,HIGH
Mistral,CORE_CELL_11_style_a::S3,CORE_CELL_11_style_a,CELL_11,core,style_a,3,TASK_FRACTIONS_022,,12,max_learner_turns_reached,HIGH,HIGH,ABSENT,ABSENT,HIGH,HIGH,LOW,HIGH
Mistral,CORE_CELL_11_style_a::S4,CORE_CELL_11_style_a,CELL_11,core,style_a,4,TASK_FRACTIONS_028,,4,status_risolto,HIGH,HIGH,ABSENT,ABSENT,HIGH,HIGH,LOW,HIGH
Mistral,CORE_CELL_11_style_a::S5,CORE_CELL_11_style_a,CELL_11,core,style_a,5,TASK_FRACTIONS_001,,6,status_risolto,HIGH,HIGH,ABSENT,ABSENT,HIGH,HIGH,LOW,HIGH
Mistral,CORE_CELL_11_style_b::S1,CORE_CELL_11_style_b,CELL_11,core,style_b,1,TASK_FRACTIONS_002,,12,status_risolto,HIGH,HIGH,ABSENT,ABSENT,HIGH,HIGH,LOW,HIGH
Mistral,CORE_CELL_11_style_b::S2,CORE_CELL_11_style_b,CELL_11,core,style_b,2,TASK_FRACTIONS_007,,12,max_learner_turns_reached,HIGH,HIGH,ABSENT,ABSENT,HIGH,HIGH,LOW,INSUFFICIENT_EVIDENCE
Mistral,CORE_CELL_11_style_b::S3,CORE_CELL_11_style_b,CELL_11,core,style_b,3,TASK_FRACTIONS_012,,3,status_risolto,HIGH,HIGH,ABSENT,ABSENT,HIGH,HIGH,LOW,INSUFFICIENT_EVIDENCE
Mistral,CORE_CELL_11_style_b::S4,CORE_CELL_11_style_b,CELL_11,core,style_b,4,TASK_FRACTIONS_005,,12,max_learner_turns_reached,HIGH,HIGH,ABSENT,ABSENT,HIGH,HIGH,LOW,HIGH
Mistral,CORE_CELL_11_style_b::S5,CORE_CELL_11_style_b,CELL_11,core,style_b,5,TASK_FRACTIONS_004,,4,status_risolto,HIGH,HIGH,ABSENT,ABSENT,HIGH,HIGH,LOW,INSUFFICIENT_EVIDENCE
Mistral,CORE_CELL_12_style_a::S1,CORE_CELL_12_style_a,CELL_12,core,style_a,1,TASK_FRACTIONS_005,,1,status_risolto,HIGH,HIGH,ABSENT,ABSENT,HIGH,INSUFFICIENT_EVIDENCE,HIGH,INSUFFICIENT_EVIDENCE
Mistral,CORE_CELL_12_style_a::S2,CORE_CELL_12_style_a,CELL_12,core,style_a,2,TASK_FRACTIONS_029,,8,status_risolto,HIGH,HIGH,ABSENT,ABSENT,HIGH,HIGH,HIGH,HIGH
Mistral,CORE_CELL_12_style_a::S3,CORE_CELL_12_style_a,CELL_12,core,style_a,3,TASK_FRACTIONS_014,,3,status_risolto,HIGH,HIGH,ABSENT,ABSENT,HIGH,HIGH,HIGH,INSUFFICIENT_EVIDENCE
Mistral,CORE_CELL_12_style_a::S4,CORE_CELL_12_style_a,CELL_12,core,style_a,4,TASK_FRACTIONS_007,,4,status_risolto,HIGH,HIGH,ABSENT,ABSENT,HIGH,HIGH,HIGH,INSUFFICIENT_EVIDENCE
Mistral,CORE_CELL_12_style_a::S5,CORE_CELL_12_style_a,CELL_12,core,style_a,5,TASK_FRACTIONS_025,,5,status_risolto,HIGH,HIGH,ABSENT,ABSENT,HIGH,HIGH,HIGH,HIGH
Mistral,CORE_CELL_12_style_b::S1,CORE_CELL_12_style_b,CELL_12,core,style_b,1,TASK_FRACTIONS_018,,3,status_risolto,HIGH,HIGH,ABSENT,ABSENT,HIGH,HIGH,HIGH,HIGH
Mistral,CORE_CELL_12_style_b::S2,CORE_CELL_12_style_b,CELL_12,core,style_b,2,TASK_FRACTIONS_026,,4,status_risolto,HIGH,HIGH,ABSENT,ABSENT,HIGH,INSUFFICIENT_EVIDENCE,HIGH,HIGH
Mistral,CORE_CELL_12_style_b::S3,CORE_CELL_12_style_b,CELL_12,core,style_b,3,TASK_FRACTIONS_029,,12,max_learner_turns_reached,HIGH,HIGH,ABSENT,ABSENT,HIGH,HIGH,HIGH,HIGH
Mistral,CORE_CELL_12_style_b::S4,CORE_CELL_12_style_b,CELL_12,core,style_b,4,TASK_FRACTIONS_002,,5,status_risolto,HIGH,HIGH,ABSENT,ABSENT,HIGH,HIGH,HIGH,HIGH
Mistral,CORE_CELL_12_style_b::S5,CORE_CELL_12_style_b,CELL_12,core,style_b,5,TASK_FRACTIONS_007,,6,status_risolto,HIGH,HIGH,ABSENT,ABSENT,HIGH,INSUFFICIENT_EVIDENCE,HIGH,INSUFFICIENT_EVIDENCE
Mistral,CORE_CELL_13_style_a::S1,CORE_CELL_13_style_a,CELL_13,core,style_a,1,TASK_FRACTIONS_017,,2,status_risolto,HIGH,LOW,PRESENT,PRESENT,LOW,INSUFFICIENT_EVIDENCE,LOW,INSUFFICIENT_EVIDENCE
Mistral,CORE_CELL_13_style_a::S2,CORE_CELL_13_style_a,CELL_13,core,style_a,2,TASK_FRACTIONS_029,,2,status_risolto,HIGH,HIGH,PRESENT,ABSENT,LOW,INSUFFICIENT_EVIDENCE,LOW,INSUFFICIENT_EVIDENCE
Mistral,CORE_CELL_13_style_a::S3,CORE_CELL_13_style_a,CELL_13,core,style_a,3,TASK_FRACTIONS_013,,8,status_risolto,HIGH,HIGH,PRESENT,PRESENT,LOW,HIGH,LOW,HIGH
Mistral,CORE_CELL_13_style_a::S4,CORE_CELL_13_style_a,CELL_13,core,style_a,4,TASK_FRACTIONS_022,,12,max_learner_turns_reached,HIGH,HIGH,PRESENT,PRESENT,LOW,HIGH,LOW,HIGH
Mistral,CORE_CELL_13_style_a::S5,CORE_CELL_13_style_a,CELL_13,core,style_a,5,TASK_FRACTIONS_030,,3,status_risolto,HIGH,HIGH,PRESENT,ABSENT,LOW,HIGH,LOW,INSUFFICIENT_EVIDENCE
Mistral,CORE_CELL_13_style_b::S1,CORE_CELL_13_style_b,CELL_13,core,style_b,1,TASK_FRACTIONS_009,,5,status_risolto,HIGH,HIGH,PRESENT,PRESENT,LOW,INSUFFICIENT_EVIDENCE,LOW,INSUFFICIENT_EVIDENCE
Mistral,CORE_CELL_13_style_b::S2,CORE_CELL_13_style_b,CELL_13,core,style_b,2,TASK_FRACTIONS_014,,4,status_risolto,HIGH,LOW,PRESENT,ABSENT,LOW,LOW,LOW,INSUFFICIENT_EVIDENCE
Mistral,CORE_CELL_13_style_b::S3,CORE_CELL_13_style_b,CELL_13,core,style_b,3,TASK_FRACTIONS_030,,4,status_risolto,HIGH,HIGH,PRESENT,ABSENT,LOW,INSUFFICIENT_EVIDENCE,LOW,INSUFFICIENT_EVIDENCE
Mistral,CORE_CELL_13_style_b::S4,CORE_CELL_13_style_b,CELL_13,core,style_b,4,TASK_FRACTIONS_027,,12,status_risolto,HIGH,HIGH,PRESENT,PRESENT,LOW,HIGH,LOW,INSUFFICIENT_EVIDENCE
Mistral,CORE_CELL_13_style_b::S5,CORE_CELL_13_style_b,CELL_13,core,style_b,5,TASK_FRACTIONS_023,,4,status_risolto,HIGH,HIGH,PRESENT,ABSENT,LOW,INSUFFICIENT_EVIDENCE,LOW,HIGH
Mistral,CORE_CELL_14_style_a::S1,CORE_CELL_14_style_a,CELL_14,core,style_a,1,TASK_FRACTIONS_008,,12,max_learner_turns_reached,HIGH,HIGH,PRESENT,ABSENT,LOW,HIGH,HIGH,HIGH
Mistral,CORE_CELL_14_style_a::S2,CORE_CELL_14_style_a,CELL_14,core,style_a,2,TASK_FRACTIONS_017,,4,status_risolto,HIGH,LOW,PRESENT,PRESENT,LOW,HIGH,HIGH,INSUFFICIENT_EVIDENCE
Mistral,CORE_CELL_14_style_a::S3,CORE_CELL_14_style_a,CELL_14,core,style_a,3,TASK_FRACTIONS_018,,5,status_risolto,HIGH,HIGH,PRESENT,PRESENT,LOW,HIGH,HIGH,HIGH
Mistral,CORE_CELL_14_style_a::S4,CORE_CELL_14_style_a,CELL_14,core,style_a,4,TASK_FRACTIONS_016,,7,status_risolto,HIGH,LOW,PRESENT,PRESENT,LOW,LOW,HIGH,LOW
Mistral,CORE_CELL_14_style_a::S5,CORE_CELL_14_style_a,CELL_14,core,style_a,5,TASK_FRACTIONS_024,,12,max_learner_turns_reached,HIGH,HIGH,PRESENT,ABSENT,LOW,HIGH,HIGH,INSUFFICIENT_EVIDENCE
Mistral,CORE_CELL_14_style_b::S1,CORE_CELL_14_style_b,CELL_14,core,style_b,1,TASK_FRACTIONS_010,,8,status_risolto,HIGH,HIGH,PRESENT,ABSENT,LOW,INSUFFICIENT_EVIDENCE,HIGH,INSUFFICIENT_EVIDENCE
Mistral,CORE_CELL_14_style_b::S2,CORE_CELL_14_style_b,CELL_14,core,style_b,2,TASK_FRACTIONS_011,,12,max_learner_turns_reached,HIGH,HIGH,PRESENT,ABSENT,LOW,HIGH,HIGH,INSUFFICIENT_EVIDENCE
Mistral,CORE_CELL_14_style_b::S3,CORE_CELL_14_style_b,CELL_14,core,style_b,3,TASK_FRACTIONS_028,,3,status_risolto,HIGH,HIGH,PRESENT,ABSENT,LOW,INSUFFICIENT_EVIDENCE,HIGH,INSUFFICIENT_EVIDENCE
Mistral,CORE_CELL_14_style_b::S4,CORE_CELL_14_style_b,CELL_14,core,style_b,4,TASK_FRACTIONS_012,,4,status_risolto,HIGH,HIGH,PRESENT,ABSENT,LOW,INSUFFICIENT_EVIDENCE,HIGH,HIGH
Mistral,CORE_CELL_14_style_b::S5,CORE_CELL_14_style_b,CELL_14,core,style_b,5,TASK_FRACTIONS_021,,7,status_risolto,HIGH,HIGH,PRESENT,ABSENT,LOW,HIGH,HIGH,INSUFFICIENT_EVIDENCE
Mistral,CORE_CELL_15_style_a::S1,CORE_CELL_15_style_a,CELL_15,core,style_a,1,TASK_FRACTIONS_029,,7,status_risolto,HIGH,HIGH,PRESENT,ABSENT,HIGH,HIGH,LOW,INSUFFICIENT_EVIDENCE
Mistral,CORE_CELL_15_style_a::S2,CORE_CELL_15_style_a,CELL_15,core,style_a,2,TASK_FRACTIONS_022,,10,status_risolto,HIGH,HIGH,PRESENT,ABSENT,HIGH,HIGH,LOW,HIGH
Mistral,CORE_CELL_15_style_a::S3,CORE_CELL_15_style_a,CELL_15,core,style_a,3,TASK_FRACTIONS_011,,6,status_risolto,HIGH,HIGH,PRESENT,PRESENT,HIGH,HIGH,LOW,INSUFFICIENT_EVIDENCE
Mistral,CORE_CELL_15_style_a::S4,CORE_CELL_15_style_a,CELL_15,core,style_a,4,TASK_FRACTIONS_016,,12,max_learner_turns_reached,HIGH,HIGH,PRESENT,ABSENT,HIGH,HIGH,LOW,INSUFFICIENT_EVIDENCE
Mistral,CORE_CELL_15_style_a::S5,CORE_CELL_15_style_a,CELL_15,core,style_a,5,TASK_FRACTIONS_025,,1,status_risolto,HIGH,HIGH,PRESENT,ABSENT,HIGH,INSUFFICIENT_EVIDENCE,LOW,INSUFFICIENT_EVIDENCE
Mistral,CORE_CELL_15_style_b::S1,CORE_CELL_15_style_b,CELL_15,core,style_b,1,TASK_FRACTIONS_026,,4,status_risolto,HIGH,HIGH,PRESENT,ABSENT,HIGH,INSUFFICIENT_EVIDENCE,LOW,HIGH
Mistral,CORE_CELL_15_style_b::S2,CORE_CELL_15_style_b,CELL_15,core,style_b,2,TASK_FRACTIONS_005,,2,status_risolto,HIGH,HIGH,PRESENT,ABSENT,HIGH,INSUFFICIENT_EVIDENCE,LOW,INSUFFICIENT_EVIDENCE
Mistral,CORE_CELL_15_style_b::S3,CORE_CELL_15_style_b,CELL_15,core,style_b,3,TASK_FRACTIONS_007,,7,status_risolto,HIGH,HIGH,PRESENT,PRESENT,HIGH,HIGH,LOW,HIGH
Mistral,CORE_CELL_15_style_b::S4,CORE_CELL_15_style_b,CELL_15,core,style_b,4,TASK_FRACTIONS_011,,12,max_learner_turns_reached,HIGH,HIGH,PRESENT,PRESENT,HIGH,HIGH,LOW,HIGH
Mistral,CORE_CELL_15_style_b::S5,CORE_CELL_15_style_b,CELL_15,core,style_b,5,TASK_FRACTIONS_002,,12,max_learner_turns_reached,HIGH,HIGH,PRESENT,ABSENT,HIGH,INSUFFICIENT_EVIDENCE,LOW,HIGH
Mistral,CORE_CELL_16_style_a::S1,CORE_CELL_16_style_a,CELL_16,core,style_a,1,TASK_FRACTIONS_025,,3,status_risolto,HIGH,HIGH,PRESENT,ABSENT,HIGH,INSUFFICIENT_EVIDENCE,HIGH,HIGH
Mistral,CORE_CELL_16_style_a::S2,CORE_CELL_16_style_a,CELL_16,core,style_a,2,TASK_FRACTIONS_016,,4,status_risolto,HIGH,HIGH,PRESENT,ABSENT,HIGH,HIGH,HIGH,INSUFFICIENT_EVIDENCE
Mistral,CORE_CELL_16_style_a::S3,CORE_CELL_16_style_a,CELL_16,core,style_a,3,TASK_FRACTIONS_003,,12,max_learner_turns_reached,HIGH,HIGH,PRESENT,ABSENT,HIGH,HIGH,HIGH,HIGH
Mistral,CORE_CELL_16_style_a::S4,CORE_CELL_16_style_a,CELL_16,core,style_a,4,TASK_FRACTIONS_008,,5,status_risolto,HIGH,HIGH,PRESENT,ABSENT,HIGH,HIGH,HIGH,INSUFFICIENT_EVIDENCE
Mistral,CORE_CELL_16_style_a::S5,CORE_CELL_16_style_a,CELL_16,core,style_a,5,TASK_FRACTIONS_002,,2,status_risolto,HIGH,HIGH,PRESENT,ABSENT,HIGH,INSUFFICIENT_EVIDENCE,HIGH,INSUFFICIENT_EVIDENCE
Mistral,CORE_CELL_16_style_b::S1,CORE_CELL_16_style_b,CELL_16,core,style_b,1,TASK_FRACTIONS_011,,6,status_risolto,HIGH,HIGH,PRESENT,PRESENT,HIGH,INSUFFICIENT_EVIDENCE,HIGH,INSUFFICIENT_EVIDENCE
Mistral,CORE_CELL_16_style_b::S2,CORE_CELL_16_style_b,CELL_16,core,style_b,2,TASK_FRACTIONS_001,,4,status_risolto,HIGH,HIGH,PRESENT,ABSENT,HIGH,INSUFFICIENT_EVIDENCE,HIGH,INSUFFICIENT_EVIDENCE
Mistral,CORE_CELL_16_style_b::S3,CORE_CELL_16_style_b,CELL_16,core,style_b,3,TASK_FRACTIONS_012,,2,status_risolto,HIGH,HIGH,PRESENT,ABSENT,HIGH,INSUFFICIENT_EVIDENCE,HIGH,INSUFFICIENT_EVIDENCE
Mistral,CORE_CELL_16_style_b::S4,CORE_CELL_16_style_b,CELL_16,core,style_b,4,TASK_FRACTIONS_021,,12,max_learner_turns_reached,HIGH,HIGH,PRESENT,ABSENT,HIGH,HIGH,HIGH,HIGH
Mistral,CORE_CELL_16_style_b::S5,CORE_CELL_16_style_b,CELL_16,core,style_b,5,TASK_FRACTIONS_005,,2,status_risolto,HIGH,HIGH,PRESENT,ABSENT,HIGH,HIGH,HIGH,INSUFFICIENT_EVIDENCE
Mistral,NP_NP1_style_a::S1,NP_NP1_style_a,CELL_03,numerical_processing,style_a,1,TASK_FRACTIONS_030,,3,status_risolto,LOW,HIGH,ABSENT,ABSENT,HIGH,HIGH,LOW,INSUFFICIENT_EVIDENCE
Mistral,NP_NP1_style_a::S2,NP_NP1_style_a,CELL_03,numerical_processing,style_a,2,TASK_FRACTIONS_006,,1,status_risolto,LOW,HIGH,ABSENT,ABSENT,HIGH,HIGH,LOW,INSUFFICIENT_EVIDENCE
Mistral,NP_NP1_style_a::S3,NP_NP1_style_a,CELL_03,numerical_processing,style_a,3,TASK_FRACTIONS_014,,12,max_learner_turns_reached,LOW,HIGH,ABSENT,ABSENT,HIGH,HIGH,LOW,HIGH
Mistral,NP_NP1_style_a::S4,NP_NP1_style_a,CELL_03,numerical_processing,style_a,4,TASK_FRACTIONS_013,,7,status_risolto,LOW,HIGH,ABSENT,ABSENT,HIGH,HIGH,LOW,HIGH
Mistral,NP_NP1_style_a::S5,NP_NP1_style_a,CELL_03,numerical_processing,style_a,5,TASK_FRACTIONS_027,,12,max_learner_turns_reached,LOW,HIGH,ABSENT,ABSENT,HIGH,HIGH,LOW,INSUFFICIENT_EVIDENCE
Mistral,NP_NP2_style_b::S1,NP_NP2_style_b,CELL_10,numerical_processing,style_b,1,TASK_FRACTIONS_010,,3,status_risolto,HIGH,HIGH,ABSENT,ABSENT,LOW,INSUFFICIENT_EVIDENCE,HIGH,INSUFFICIENT_EVIDENCE
Mistral,NP_NP2_style_b::S2,NP_NP2_style_b,CELL_10,numerical_processing,style_b,2,TASK_FRACTIONS_011,,7,status_risolto,HIGH,HIGH,ABSENT,ABSENT,LOW,INSUFFICIENT_EVIDENCE,HIGH,INSUFFICIENT_EVIDENCE
Mistral,NP_NP2_style_b::S3,NP_NP2_style_b,CELL_10,numerical_processing,style_b,3,TASK_FRACTIONS_028,,3,status_risolto,HIGH,HIGH,ABSENT,ABSENT,LOW,HIGH,HIGH,INSUFFICIENT_EVIDENCE
Mistral,NP_NP2_style_b::S4,NP_NP2_style_b,CELL_10,numerical_processing,style_b,4,TASK_FRACTIONS_012,,8,status_risolto,HIGH,HIGH,ABSENT,ABSENT,LOW,INSUFFICIENT_EVIDENCE,HIGH,INSUFFICIENT_EVIDENCE
Mistral,NP_NP2_style_b::S5,NP_NP2_style_b,CELL_10,numerical_processing,style_b,5,TASK_FRACTIONS_021,,12,max_learner_turns_reached,HIGH,HIGH,ABSENT,ABSENT,LOW,HIGH,HIGH,HIGH
Mistral,NP_NP3_style_b::S1,NP_NP3_style_b,CELL_05,numerical_processing,style_b,1,TASK_FRACTIONS_003,,3,status_risolto,LOW,HIGH,PRESENT,ABSENT,LOW,HIGH,LOW,INSUFFICIENT_EVIDENCE
Mistral,NP_NP3_style_b::S2,NP_NP3_style_b,CELL_05,numerical_processing,style_b,2,TASK_FRACTIONS_002,,12,max_learner_turns_reached,LOW,HIGH,PRESENT,ABSENT,LOW,HIGH,LOW,HIGH
Mistral,NP_NP3_style_b::S3,NP_NP3_style_b,CELL_05,numerical_processing,style_b,3,TASK_FRACTIONS_025,,1,status_risolto,LOW,HIGH,PRESENT,INSUFFICIENT_EVIDENCE,LOW,HIGH,LOW,INSUFFICIENT_EVIDENCE
Mistral,NP_NP3_style_b::S4,NP_NP3_style_b,CELL_05,numerical_processing,style_b,4,TASK_FRACTIONS_017,,5,status_risolto,LOW,LOW,PRESENT,PRESENT,LOW,LOW,LOW,INSUFFICIENT_EVIDENCE
Mistral,NP_NP3_style_b::S5,NP_NP3_style_b,CELL_05,numerical_processing,style_b,5,TASK_FRACTIONS_026,,12,max_learner_turns_reached,LOW,HIGH,PRESENT,ABSENT,LOW,HIGH,LOW,LOW
Mistral,NP_NP4_style_a::S1,NP_NP4_style_a,CELL_16,numerical_processing,style_a,1,TASK_FRACTIONS_008,,3,status_risolto,HIGH,HIGH,PRESENT,PRESENT,HIGH,HIGH,HIGH,INSUFFICIENT_EVIDENCE
Mistral,NP_NP4_style_a::S2,NP_NP4_style_a,CELL_16,numerical_processing,style_a,2,TASK_FRACTIONS_018,,8,status_risolto,HIGH,HIGH,PRESENT,ABSENT,HIGH,HIGH,HIGH,HIGH
Mistral,NP_NP4_style_a::S3,NP_NP4_style_a,CELL_16,numerical_processing,style_a,3,TASK_FRACTIONS_029,,12,max_learner_turns_reached,HIGH,HIGH,PRESENT,ABSENT,HIGH,HIGH,HIGH,HIGH
Mistral,NP_NP4_style_a::S4,NP_NP4_style_a,CELL_16,numerical_processing,style_a,4,TASK_FRACTIONS_024,,12,max_learner_turns_reached,HIGH,HIGH,PRESENT,ABSENT,HIGH,HIGH,HIGH,HIGH
Mistral,NP_NP4_style_a::S5,NP_NP4_style_a,CELL_16,numerical_processing,style_a,5,TASK_FRACTIONS_016,,12,max_learner_turns_reached,HIGH,HIGH,PRESENT,ABSENT,HIGH,HIGH,HIGH,INSUFFICIENT_EVIDENCE
